IND,POP,3.1,3.2,3.3,4.1,4.2,4.3,4.4,5.1,5.2,5.3,5.4,5.5,6.1,6.2,6.3,6.4,6.5,6.6,7.1,7.2,7.3,7.4,7.5,7.6,7.7
KD031_S11583,England AS,0.04228,0.95771,1E-05,0.460237,0.005906,0.533847,1E-05,0.339894,0.425011,1E-05,0.235075,1E-05,0.447844,0.296048,0.251596,1E-05,0.004491,1E-05,1E-05,1E-05,0.001413,0.320348,0.369907,1E-05,0.308302
KD032_S11584,England AS,0.041114,0.958876,1E-05,0.493981,0.01523,0.49078,1E-05,0.360686,0.390025,1E-05,0.243604,0.005675,0.414577,0.32065,0.256291,1E-05,1E-05,0.008462,1E-05,1E-05,1E-05,0.300995,0.359247,0.008526,0.331201
KD033_S11585,England AS,0.041329,0.958661,1E-05,0.480188,0.012679,0.507123,1E-05,0.353551,0.405343,1E-05,0.239765,0.00133,0.431201,0.311466,0.252625,1E-05,1E-05,0.004689,1E-05,1E-05,1E-05,0.317402,0.356625,0.004474,0.321469
KD034_S11586,England AS,0.039115,0.960875,1E-05,0.505144,0.009778,0.485068,1E-05,0.352518,0.382408,1E-05,0.265054,1E-05,0.405208,0.317243,0.277519,1E-05,1E-05,1E-05,1E-05,1E-05,1E-05,0.282206,0.382258,1E-05,0.335496
KD035_S11587,England AS,0.045375,0.954615,1E-05,0.487094,0.009368,0.503528,1E-05,0.34155,0.395789,1E-05,0.262641,1E-05,0.411618,0.3053,0.275316,1E-05,0.007747,1E-05,1E-05,1E-05,0.004978,0.291051,0.380792,1E-05,0.323149
KD036_S11588,England AS,0.054887,0.945103,1E-05,0.475889,0.019668,0.504433,1E-05,0.330849,0.402778,1E-05,0.265841,0.000522,0.423061,0.294882,0.277678,1E-05,0.000691,0.003678,1E-05,0.033625,1E-05,0.314985,0.351935,0.001057,0.298378
KD037_S11589,England AS,0.035808,0.964182,1E-05,0.509616,0.0027,0.487674,1E-05,0.358961,0.380524,1E-05,0.260495,1E-05,0.403149,0.32402,0.272801,1E-05,1E-05,1E-05,1E-05,0.003338,1E-05,0.289885,0.367235,1E-05,0.339512
KD038_S11590,England AS,0.03036,0.96963,1E-05,0.491874,1E-05,0.508106,1E-05,0.356029,0.399828,1E-05,0.244123,1E-05,0.425445,0.315367,0.259157,1E-05,1E-05,1E-05,1E-05,1E-05,1E-05,0.305769,0.366433,1E-05,0.327757
KD040,England AS,0.071351,0.928639,1E-05,0.447471,0.033431,0.519088,1E-05,0.288359,0.41138,1E-05,0.29352,0.006731,0.417927,0.257022,0.296777,1E-05,0.028254,1E-05,1E-05,0.184235,0.027649,0.33461,0.245578,1E-05,0.207908
KD041,England AS,0.061023,0.938967,1E-05,0.48191,0.028562,0.489518,1E-05,0.294785,0.389201,1E-05,0.315994,1E-05,0.403325,0.270498,0.323518,1E-05,0.002639,1E-05,1E-05,0.250495,0.001634,0.333987,0.216328,1E-05,0.197536
PJ008_S20638,England AS,0.047382,0.952608,1E-05,0.462479,0.011191,0.52632,1E-05,0.321999,0.415527,1E-05,0.260455,0.002009,0.43969,0.281449,0.275124,1E-05,1E-05,0.003718,1E-05,0.027535,1E-05,0.324696,0.356973,0.003159,0.287618
PJ009_S20639,England AS,0.043357,0.956633,1E-05,0.463189,0.006932,0.529868,1E-05,0.318505,0.420867,1E-05,0.260608,1E-05,0.443173,0.280292,0.276505,1E-05,1E-05,1E-05,1E-05,0.12671,1E-05,0.355832,0.272122,1E-05,0.245306
PJ048_S20680,England AS,0.044045,0.955169,0.000785,0.457707,0.009818,0.532465,1E-05,0.321562,0.421178,1.2E-05,0.257238,1E-05,0.446254,0.280258,0.273457,1E-05,1E-05,1E-05,1E-05,0.0094,1E-05,0.318622,0.378532,1E-05,0.293416
PJ010_S20640,England AS,0.040536,0.959454,1E-05,0.474652,0.004912,0.520426,1E-05,0.359174,0.415041,1E-05,0.225765,1E-05,0.443775,0.315311,0.240884,1E-05,1E-05,1E-05,1E-05,0.058654,1E-05,0.346063,0.298422,1E-05,0.296831
PJ011_S20641,England AS,0.043691,0.956299,1E-05,0.463599,0.011268,0.525123,1E-05,0.321248,0.416735,1E-05,0.261997,1E-05,0.440624,0.282497,0.27655,1E-05,0.000309,1E-05,1E-05,0.084175,1E-05,0.341589,0.309591,1E-05,0.264615
PJ012_S20642,England AS,0.065713,0.934277,1E-05,0.482069,0.030507,0.487414,1E-05,0.341473,0.38751,1E-05,0.261903,0.009104,0.405822,0.309201,0.269433,1E-05,0.014812,0.000721,1E-05,0.160947,0.015562,0.330803,0.233658,1E-05,0.259011
PJ013_S20643,England AS,0.043893,0.954137,0.001969,0.49694,0.012198,0.489008,0.001855,0.358428,0.388009,0.000927,0.252625,1E-05,0.407175,0.321996,0.260357,1E-05,0.010453,1E-05,1E-05,0.028022,0.004757,0.300265,0.342662,1E-05,0.324274
PJ014_S20644,England AS,0.028067,0.971189,0.000744,0.56548,0.001022,0.433488,1E-05,0.415486,0.337835,2E-05,0.246649,1E-05,0.36326,0.383464,0.253246,1E-05,1E-05,1E-05,1E-05,0.116905,1E-05,0.2847,0.254524,1E-05,0.343841
PJ015_S20645,England AS,0.025253,0.974737,1E-05,0.514439,1E-05,0.485541,1E-05,0.377495,0.384553,1E-05,0.237933,1E-05,0.411572,0.338219,0.250179,1E-05,1E-05,1E-05,1E-05,0.034662,1E-05,0.30314,0.328871,1E-05,0.333296
PJ016_S20646,England AS,0.040745,0.959245,1E-05,0.482452,0.008481,0.509057,1E-05,0.345911,0.404772,1E-05,0.249296,1E-05,0.430581,0.306253,0.263136,1E-05,1E-05,1E-05,1E-05,0.071006,1E-05,0.333335,0.304987,1E-05,0.290642
PJ017_S20648,England AS,0.140462,0.849123,0.010416,0.439788,0.104354,0.444819,0.01104,0.307528,0.354835,0.010067,0.242443,0.085127,0.352517,0.289255,0.248383,0.010079,0.082871,0.016895,0.010809,0.086266,0.081423,0.268405,0.269101,0.016172,0.267824
PJ018_S20649,England AS,0.036515,0.963475,1E-05,0.486537,0.003605,0.509849,1E-05,0.331795,0.401031,1.9E-05,0.267144,1E-05,0.422728,0.296909,0.280333,1E-05,1E-05,1E-05,1E-05,0.115049,1E-05,0.333403,0.284345,1E-05,0.267173
PJ019_S20650,England AS,0.041694,0.958296,1E-05,0.480557,0.009009,0.510423,1E-05,0.33856,0.401779,1E-05,0.259641,1E-05,0.425,0.301833,0.273137,1E-05,1E-05,1E-05,1E-05,0.08516,1E-05,0.328507,0.303744,1E-05,0.282559
PJ020_S20651,England AS,0.053745,0.94162,0.004635,0.493997,0.021988,0.480232,0.003783,0.35542,0.384093,0.003408,0.254755,0.002324,0.400927,0.321352,0.259269,0.002855,0.015587,1E-05,0.003671,0.053071,0.015581,0.303672,0.310845,1E-05,0.313149
PJ021_S20652,England AS,0.036383,0.963607,1E-05,0.492826,0.002043,0.505121,1E-05,0.360124,0.399552,2E-05,0.240295,1E-05,0.421151,0.321199,0.254813,1E-05,0.002817,1E-05,1E-05,0.091745,0.0015,0.334297,0.28041,1E-05,0.292028
PJ022_S20653,England AS,0.053968,0.946022,1E-05,0.483573,0.023129,0.493288,1E-05,0.351956,0.392462,1E-05,0.246848,0.008723,0.415915,0.314085,0.258721,1E-05,0.002368,0.008902,1E-05,0.079071,0.001891,0.323454,0.294271,0.008353,0.29295
PJ023_S20654,England AS,0.02183,0.97816,1E-05,0.503336,1E-05,0.496644,1E-05,0.355348,0.389956,1E-05,0.254675,1E-05,0.415065,0.317769,0.267136,1E-05,1E-05,1E-05,1E-05,0.110573,1E-05,0.328011,0.276471,1E-05,0.284915
PJ024_S20655,England AS,0.037785,0.962205,1E-05,0.491616,0.008464,0.49991,1E-05,0.344514,0.394623,1E-05,0.260843,1E-05,0.415938,0.30888,0.274143,1E-05,0.001019,1E-05,1E-05,0.115357,1E-05,0.3307,0.276464,1E-05,0.27745
PJ025_S20656,England AS,0.049245,0.950745,1E-05,0.476894,0.017018,0.506078,1E-05,0.354975,0.403483,1E-05,0.23479,0.006741,0.430704,0.312756,0.247826,1E-05,1E-05,0.008693,1E-05,0.073039,1E-05,0.338471,0.289664,0.007898,0.290908
PJ026_S20657,England AS,0.044917,0.955073,1E-05,0.517206,0.013165,0.46962,1E-05,0.352927,0.36929,1E-05,0.277763,1E-05,0.382874,0.324723,0.282114,1E-05,0.010269,1E-05,1E-05,0.185374,0.009487,0.316402,0.222333,1E-05,0.266384
PJ027_S20658,England AS,0.051005,0.948985,1E-05,0.463945,0.015064,0.520981,1E-05,0.320908,0.412071,1E-05,0.266612,0.000399,0.43367,0.282818,0.280044,1E-05,1E-05,0.003449,1E-05,0.117667,1E-05,0.346039,0.283394,0.00182,0.251059
PJ028_S20659,England AS,0.034915,0.965075,1E-05,0.520077,0.003471,0.476443,1E-05,0.37347,0.373488,1E-05,0.253022,1E-05,0.397539,0.338818,0.263613,1E-05,1E-05,1E-05,1E-05,0.105208,1E-05,0.312608,0.274841,1E-05,0.307313
PJ029_S20660,England AS,0.040753,0.959237,1E-05,0.472998,0.008268,0.518724,1E-05,0.337354,0.409702,1E-05,0.252923,1E-05,0.432738,0.297249,0.267337,1E-05,0.002656,1E-05,1E-05,0.055625,0.000923,0.327799,0.328032,1E-05,0.287601
PJ030_S20661,England AS,0.042707,0.957283,1E-05,0.4678,0.006645,0.525545,1E-05,0.325725,0.415233,1.1E-05,0.25902,1E-05,0.43658,0.287835,0.275555,1E-05,1E-05,1E-05,1E-05,0.058378,1.4E-05,0.327155,0.333075,1E-05,0.281359
PJ031_S20662,England AS,0.091848,0.908142,1E-05,0.475349,0.053785,0.470856,1E-05,0.299263,0.36715,1E-05,0.311571,0.022006,0.362745,0.281073,0.306453,1E-05,0.049709,1E-05,1E-05,1.1E-05,0.048189,0.248306,0.385006,1E-05,0.318467
PJ033_S20665,England AS,0.064977,0.929488,0.005535,0.493435,0.03378,0.467504,0.005281,0.350139,0.372614,0.00446,0.25442,0.018367,0.386091,0.32028,0.260388,0.004665,0.028567,1E-05,0.005013,0.063804,0.026056,0.292227,0.305108,1E-05,0.307782
PJ034_S20666,England AS,0.043321,0.953315,0.003365,0.453884,0.008437,0.5341,0.003579,0.32343,0.426792,0.003,0.246768,1E-05,0.448109,0.2821,0.25996,0.002897,0.006923,1E-05,0.002844,0.081654,0.002972,0.351177,0.300231,1E-05,0.261112
PJ035_S20667,England AS,0.028986,0.971004,1E-05,0.515158,0.003861,0.480971,1E-05,0.364301,0.377474,1.8E-05,0.258198,1E-05,0.40508,0.326676,0.268213,1E-05,1E-05,1E-05,1E-05,0.098587,1E-05,0.319787,0.28296,1E-05,0.298636
PJ036_S20668,England AS,0.028967,0.971023,1E-05,0.498915,1E-05,0.501065,1E-05,0.359675,0.397645,1E-05,0.24266,1E-05,0.423246,0.321063,0.255661,1E-05,1E-05,1E-05,1E-05,0.106244,1E-05,0.337512,0.270537,1E-05,0.285677
PJ037_S20669,England AS,0.036468,0.963522,1E-05,0.4908,0.002126,0.507064,1E-05,0.323994,0.397328,1E-05,0.278658,1E-05,0.417506,0.289865,0.292599,1E-05,1E-05,1E-05,1E-05,0.089928,1E-05,0.314739,0.318016,1E-05,0.277288
PJ038_S20670,England AS,0.042933,0.957057,1E-05,0.502643,0.012231,0.485117,1E-05,0.348469,0.381742,1E-05,0.269769,1E-05,0.403709,0.31456,0.281676,1E-05,1E-05,3.5E-05,1E-05,0.092346,1E-05,0.307547,0.306501,1E-05,0.293576
PJ039_S20671,England AS,0.031896,0.968094,1E-05,0.510309,0.002612,0.487069,1E-05,0.346253,0.378805,1E-05,0.274921,1E-05,0.399101,0.313811,0.287058,1E-05,1E-05,1E-05,1E-05,0.124866,1E-05,0.311212,0.282288,1E-05,0.281603
PJ040_S20672,England AS,0.050789,0.946754,0.002458,0.455203,0.013332,0.527539,0.003926,0.348264,0.425427,0.003508,0.221407,0.001394,0.443617,0.304438,0.228445,0.001437,0.022054,1E-05,0.002258,1E-05,0.016261,0.32198,0.349169,1E-05,0.310312
PJ041_S20673,England AS,0.037483,0.962507,1E-05,0.490894,0.002297,0.5068,1E-05,0.352211,0.400164,1E-05,0.247605,1E-05,0.419864,0.31459,0.26046,1E-05,0.005066,1E-05,1E-05,0.044813,0.002402,0.319203,0.325415,1E-05,0.308146
PJ042_S20674,England AS,0.040109,0.959881,1E-05,0.474268,0.009247,0.516475,1E-05,0.338878,0.410917,1E-05,0.250186,1E-05,0.436045,0.298433,0.26548,1E-05,2.1E-05,1E-05,1E-05,0.049991,1E-05,0.329802,0.328328,1E-05,0.291849
PJ043_S20675,England AS,0.040025,0.959965,1E-05,0.500178,0.006158,0.493654,1E-05,0.349355,0.388636,1E-05,0.261988,1E-05,0.40998,0.313612,0.276379,1E-05,1E-05,1E-05,1E-05,0.032315,1E-05,0.301205,0.348684,1E-05,0.317766
PJ044_S20676,England AS,0.044199,0.955791,1E-05,0.490413,0.013479,0.496099,1E-05,0.360944,0.396321,1E-05,0.242622,0.000103,0.422385,0.320789,0.254279,1E-05,0.002526,1E-05,1E-05,0.049121,0.000216,0.321962,0.316648,1E-05,0.312032
PJ045_S20677,England AS,0.042668,0.957322,1E-05,0.466207,0.007198,0.526584,1E-05,0.331206,0.418712,1E-05,0.250062,1E-05,0.442491,0.290861,0.265974,1E-05,0.000654,1E-05,1E-05,0.102434,1E-05,0.353086,0.28271,1E-05,0.26174
PJ046_S20678,England AS,0.040405,0.959585,1E-05,0.471759,0.008796,0.519435,1E-05,0.339927,0.413837,1E-05,0.246216,1E-05,0.439518,0.299095,0.261043,1E-05,1E-05,0.000325,1E-05,0.070284,1E-05,0.341509,0.305799,1E-05,0.282378
PJ047_S20679,England AS,0.037576,0.962414,1E-05,0.497584,0.005478,0.496928,1E-05,0.35219,0.39141,1E-05,0.256381,1E-05,0.415292,0.31556,0.269118,1E-05,1E-05,1E-05,1E-05,0.106814,1E-05,0.327912,0.280286,1E-05,0.284957
SED001,England AS,0.036974,0.900584,0.062441,0.406079,0.020141,0.512075,0.061705,0.288757,0.413458,0.060058,0.223386,0.01434,0.437425,0.249396,0.237803,0.059761,0.014498,0.001118,0.059027,0.105291,0.015504,0.348485,0.251825,1E-05,0.219858
SED012,England AS,0.034966,0.938806,0.026228,0.559251,0.013989,0.402986,0.023773,0.427962,0.322189,0.023156,0.224836,0.001858,0.343539,0.397656,0.224993,0.02204,0.011763,1E-05,0.021173,0.11089,0.010433,0.272983,0.230167,1E-05,0.354344
SED017,England AS,0.041285,0.958705,1E-05,0.522002,0.013247,0.464741,1E-05,0.345389,0.361047,1E-05,0.293545,1E-05,0.376735,0.318781,0.301377,1E-05,0.003086,1E-05,1E-05,0.257517,0.003259,0.323405,0.181579,1E-05,0.23422
SED009,England AS,0.038968,0.961022,1E-05,0.497151,0.008533,0.494306,1E-05,0.328944,0.386284,1E-05,0.284752,1E-05,0.404978,0.297676,0.294713,1E-05,0.002613,1E-05,1E-05,0.281306,0.002593,0.359467,0.15592,1E-05,0.200693
SED008,England AS,0.041906,0.958084,1E-05,0.512444,0.012348,0.475198,1E-05,0.332345,0.36857,1E-05,0.299065,1E-05,0.386015,0.305451,0.306251,1E-05,0.002262,1E-05,1E-05,0.281916,0.000971,0.336564,0.169097,1E-05,0.211432
SED019,England AS,0.032184,0.959612,0.008204,0.479073,0.005564,0.509059,0.006304,0.346179,0.404236,0.00532,0.244255,1E-05,0.426066,0.307573,0.259754,0.005057,0.00154,1E-05,0.004865,0.065629,0.00174,0.331094,0.30498,1E-05,0.291682
SED016,England AS,0.03559,0.963511,0.000899,0.549722,0.009432,0.440604,0.000242,0.381567,0.344537,1E-05,0.273876,1E-05,0.366111,0.353593,0.278946,1E-05,0.00133,1E-05,1E-05,0.276286,1E-05,0.319597,0.151895,1E-05,0.252193
SED005,England AS,0.038848,0.961142,1E-05,0.499056,0.00852,0.492415,1E-05,0.316188,0.381972,1.4E-05,0.301817,1E-05,0.397362,0.289013,0.312737,1E-05,0.000869,1E-05,1E-05,0.30574,0.000236,0.34945,0.157207,1E-05,0.187347
SED015,England AS,0.027115,0.972875,1E-05,0.526413,1E-05,0.473567,1E-05,0.361585,0.369033,1E-05,0.269363,1E-05,0.392883,0.329147,0.277941,1E-05,1E-05,1E-05,1E-05,0.144571,1E-05,0.314804,0.255473,1E-05,0.285122
SED006,England AS,0.030646,0.969344,1E-05,0.498586,0.001524,0.49988,1E-05,0.351517,0.394182,1E-05,0.254281,1E-05,0.416803,0.314597,0.26857,1E-05,1E-05,1E-05,1E-05,0.115963,1E-05,0.334645,0.268792,1E-05,0.280569
SED014,England AS,0.034948,0.965042,1E-05,0.509571,0.005527,0.484892,1E-05,0.335392,0.377151,1E-05,0.287437,1E-05,0.394124,0.306757,0.299089,1E-05,1E-05,1E-05,1E-05,0.200108,1E-05,0.32467,0.228641,1E-05,0.24655
SED004,England AS,0.054181,0.945809,1E-05,0.497857,0.021369,0.480763,1E-05,0.333669,0.378336,1E-05,0.287976,1E-05,0.396458,0.303915,0.295209,1E-05,1E-05,0.004399,1E-05,0.193912,1E-05,0.325542,0.232079,0.00244,0.246007
SED010,England AS,0.033617,0.966373,1E-05,0.508,0.001084,0.490905,1E-05,0.332656,0.378499,1.6E-05,0.288819,1E-05,0.399744,0.302527,0.297699,1E-05,1E-05,1E-05,1E-05,0.266091,1E-05,0.345923,0.174431,1E-05,0.213525
SED013,England AS,0.03303,0.96696,1E-05,0.495551,0.00031,0.50413,1E-05,0.336059,0.392712,1.1E-05,0.271208,1E-05,0.415175,0.301422,0.283373,1E-05,1E-05,1E-05,1E-05,0.148466,1E-05,0.336434,0.258317,1E-05,0.256753
SED003,England AS,0.043955,0.956035,1E-05,0.501985,0.00966,0.488345,1E-05,0.318657,0.377461,1E-05,0.303862,1E-05,0.395215,0.29088,0.313875,1E-05,1E-05,1E-05,1E-05,0.267043,1E-05,0.336082,0.189574,1E-05,0.207272
SED020,England AS,0.035458,0.964532,1E-05,0.47819,0.002448,0.519351,1E-05,0.316238,0.404895,1E-05,0.278847,1E-05,0.423031,0.281648,0.295291,1E-05,1E-05,1E-05,1E-05,0.125186,1.3E-05,0.334828,0.287886,1E-05,0.252068
SED018,England AS,0.041864,0.958126,1E-05,0.477919,0.004851,0.51722,1E-05,0.31419,0.403394,1E-05,0.282395,1E-05,0.422319,0.280859,0.296791,1E-05,1E-05,1E-05,1E-05,0.141954,1E-05,0.34166,0.272076,1E-05,0.244279
SED011,England AS,0.023217,0.923309,0.053474,0.419191,1E-05,0.529623,0.051176,0.328781,0.423537,0.049636,0.198036,1E-05,0.455505,0.27903,0.21666,0.048785,1E-05,1E-05,0.048372,1E-05,1E-05,0.333461,0.336434,1E-05,0.281703
SED007,England AS,0.034062,0.917072,0.048865,0.428256,0.00701,0.519639,0.045095,0.303535,0.415079,0.043489,0.237887,1E-05,0.443439,0.260833,0.251498,0.042825,1E-05,0.001394,0.042818,0.055796,1E-05,0.347841,0.303364,0.000685,0.249486
SED021,England AS,0.050456,0.949534,1E-05,0.444489,0.008328,0.547173,1E-05,0.295842,0.429708,2E-05,0.27442,1E-05,0.452216,0.257427,0.290327,1E-05,1E-05,1E-05,1E-05,0.110002,1E-05,0.358138,0.297671,1E-05,0.234159
LAK005,England AS,0.037608,0.930035,0.032357,0.446923,0.008787,0.514345,0.029945,0.320317,0.411432,0.028336,0.239905,1E-05,0.433044,0.281374,0.253129,0.027458,0.004985,1E-05,0.026885,0.089829,0.004245,0.34403,0.27907,1E-05,0.25593
LAK004,England AS,0.039513,0.919984,0.040502,0.410078,0.007941,0.543369,0.038611,0.313302,0.438811,0.037541,0.210336,1E-05,0.464745,0.266183,0.22858,0.03638,0.00322,0.000891,0.036581,0.01265,0.00094,0.359286,0.320919,0.002308,0.267317
LAK015,England AS,0.027105,0.961632,0.011263,0.48257,0.000252,0.508048,0.00913,0.332453,0.398624,0.007008,0.261906,1E-05,0.41963,0.297762,0.273218,0.006995,0.002384,1E-05,0.006134,0.182521,2.1E-05,0.350324,0.223943,1E-05,0.237047
LAK011,England AS,0.027417,0.939471,0.033112,0.461106,0.002071,0.506801,0.030022,0.350704,0.406245,0.028456,0.214585,1E-05,0.434581,0.307146,0.229718,0.027653,0.000892,1E-05,0.02678,0.074108,0.0008,0.349063,0.268899,1E-05,0.280341
LAK012,England AS,0.033402,0.946317,0.020281,0.495803,0.003799,0.482117,0.018281,0.36466,0.38197,0.016611,0.23675,1E-05,0.405301,0.327411,0.250338,0.016162,0.000778,1E-05,0.015492,0.073818,1E-05,0.310853,0.29262,1E-05,0.307197
LAK003,England AS,0.036996,0.930799,0.032206,0.462129,0.00573,0.501962,0.030179,0.352209,0.402661,0.028904,0.216216,1E-05,0.429904,0.310453,0.231162,0.028104,0.000368,1E-05,0.0276,0.050702,1E-05,0.333241,0.292663,1E-05,0.295774
LAK010,England AS,0.026242,0.941405,0.032353,0.483089,0.001967,0.485306,0.029638,0.360003,0.385806,0.027977,0.226204,1E-05,0.412638,0.320484,0.239521,0.027337,1E-05,1E-05,0.026871,0.074098,1E-05,0.324687,0.276984,1E-05,0.29734
LAK007,England AS,0.03732,0.939882,0.022797,0.468294,0.006036,0.504392,0.021278,0.339862,0.40139,0.019562,0.239176,1E-05,0.426253,0.301902,0.252692,0.019133,1E-05,1E-05,0.018475,0.106297,1E-05,0.339938,0.266253,1E-05,0.269017
LAK002,England AS,0.037454,0.934747,0.027799,0.458849,0.008754,0.50733,0.025067,0.331957,0.404854,0.023399,0.239781,1E-05,0.430827,0.292844,0.253506,0.022803,1E-05,1E-05,0.022292,0.092073,1E-05,0.344109,0.275564,1E-05,0.265942
LAK001,England AS,0.0246,0.943902,0.031498,0.451649,1E-05,0.519277,0.029064,0.332207,0.412583,0.027199,0.228002,1E-05,0.439802,0.289685,0.24395,0.026543,1E-05,1E-05,0.025742,0.102657,1E-05,0.355197,0.261511,1E-05,0.254873
LAK013,England AS,0.034112,0.923491,0.042397,0.426314,0.006606,0.527566,0.039514,0.327886,0.426031,0.038443,0.20763,1E-05,0.454353,0.282525,0.22409,0.037519,1E-05,0.001503,0.036982,0.030854,1E-05,0.353388,0.304835,0.00026,0.27367
LAK008,England AS,0.03429,0.932781,0.032929,0.426002,0.003622,0.539783,0.030594,0.325189,0.432907,0.028914,0.21298,1E-05,0.464008,0.277655,0.230122,0.028196,1E-05,1E-05,0.027827,0.061805,1E-05,0.37065,0.282427,1E-05,0.257272
LAK009,England AS,0.042552,0.92467,0.032778,0.431942,0.009798,0.527392,0.030867,0.322695,0.423704,0.029893,0.223698,1E-05,0.453017,0.277236,0.236839,0.028724,1E-05,0.004175,0.028067,0.069771,1E-05,0.362158,0.279041,0.003968,0.256984
LAK014,England AS,0.043871,0.928261,0.027868,0.433227,0.011665,0.528719,0.026388,0.316204,0.42311,0.025087,0.234329,0.001269,0.449202,0.272898,0.248667,0.024263,1E-05,0.004959,0.024331,0.042922,1E-05,0.347427,0.313953,0.003943,0.267412
LAK006,England AS,0.047503,0.92365,0.028846,0.435153,0.011698,0.526256,0.026893,0.302402,0.418379,0.025038,0.254171,1E-05,0.43978,0.264338,0.270594,0.024359,1E-05,0.000919,0.023556,0.088904,1E-05,0.342095,0.299751,0.000267,0.245416
I0157.SG,England AS,0.043134,0.956856,1E-05,0.497851,0.011714,0.490425,1E-05,0.328279,0.385242,1E-05,0.286459,1E-05,0.405283,0.297693,0.296994,1E-05,1E-05,1E-05,1E-05,0.254818,1E-05,0.348435,0.184622,1E-05,0.212095
I0159.SG,England AS,0.047077,0.952913,1E-05,0.502729,0.015597,0.481664,1E-05,0.332892,0.378407,1E-05,0.288681,1E-05,0.398924,0.303268,0.297779,1E-05,1E-05,1E-05,1E-05,0.261572,1E-05,0.34331,0.180782,1E-05,0.214306
I0161.SG,England AS,0.042953,0.957037,1E-05,0.525279,0.014159,0.460552,1E-05,0.367957,0.361522,1E-05,0.270501,1E-05,0.385809,0.336952,0.277209,1E-05,1E-05,1E-05,1E-05,0.252837,1E-05,0.336696,0.16551,1E-05,0.244928
I0769.SG,England AS,0.045047,0.954943,1E-05,0.481526,0.008658,0.509806,1E-05,0.329888,0.401589,1E-05,0.268503,1E-05,0.423032,0.294653,0.281492,1E-05,0.000804,1E-05,1E-05,0.224923,0.000406,0.361435,0.196277,1E-05,0.216939
I0773.SG,England AS,0.040865,0.959125,1E-05,0.484548,0.005782,0.509661,1E-05,0.315921,0.397102,1E-05,0.286957,1E-05,0.417894,0.282714,0.299362,1E-05,1E-05,1E-05,1E-05,0.2244,1E-05,0.349163,0.21466,1E-05,0.211748
I0774.SG,England AS,0.043448,0.956542,1E-05,0.538571,0.015275,0.446143,1E-05,0.355331,0.346994,1E-05,0.297655,1E-05,0.366503,0.330625,0.302841,1E-05,1.2E-05,1E-05,1E-05,0.308294,1E-05,0.324001,0.143798,1E-05,0.223878
I0777.SG,England AS,0.035875,0.964115,1E-05,0.519599,0.009896,0.470494,1E-05,0.346015,0.367872,1.6E-05,0.286087,1E-05,0.389432,0.31659,0.293948,1E-05,1E-05,1E-05,1E-05,0.252693,1E-05,0.33355,0.183219,1E-05,0.230508
CS002,England AS,0.048493,0.951497,1E-05,0.46473,0.005888,0.529373,1E-05,0.340593,0.418581,1E-05,0.240806,1E-05,0.434188,0.300149,0.251838,1E-05,0.013805,1E-05,1E-05,0.192138,0.015307,0.371896,0.193294,1E-05,0.227345
CS003,England AS,0.062983,0.933795,0.003222,0.518794,0.034285,0.446708,0.000213,0.335643,0.352228,1E-05,0.304663,0.007457,0.368577,0.310826,0.307988,1E-05,1E-05,0.01259,1E-05,0.304083,1E-05,0.328247,0.15291,0.008734,0.206006
CS004,England AS,0.01579,0.9842,1E-05,0.53723,1E-05,0.46275,1E-05,0.393751,0.36987,1E-05,0.236359,1E-05,0.401551,0.353845,0.244574,1E-05,1E-05,1E-05,1E-05,0.253849,1E-05,0.366223,0.130533,1E-05,0.249365
CS005,England AS,0.049039,0.940853,0.010108,0.484374,0.014449,0.490339,0.010838,0.303252,0.379169,0.007833,0.309736,1E-05,0.400762,0.2753,0.316036,0.007881,1E-05,1E-05,0.00747,0.281506,1E-05,0.342525,0.181218,1E-05,0.187262
CS006,England AS,0.008428,0.991562,1E-05,0.514764,1E-05,0.485216,1E-05,0.364671,0.377946,1E-05,0.257363,1E-05,0.404333,0.328879,0.266758,1E-05,1E-05,1E-05,1E-05,0.264421,1E-05,0.361978,0.146578,1E-05,0.226993
CS007,England AS,0.03378,0.958481,0.00774,0.499362,1E-05,0.496238,0.00439,0.336278,0.384394,0.002594,0.276725,1E-05,0.406574,0.301837,0.28984,0.001729,1E-05,1E-05,0.000392,0.165216,1E-05,0.322611,0.252694,1E-05,0.259066
CS009,England AS,0.047527,0.952463,1E-05,0.503605,0.013662,0.482723,1E-05,0.338348,0.379326,1E-05,0.282306,1E-05,0.394243,0.308068,0.289626,1E-05,0.008043,1E-05,1E-05,0.238177,0.007092,0.334378,0.194056,1E-05,0.226277
CS011,England AS,0.057335,0.942655,1E-05,0.472624,0.015929,0.511438,1E-05,0.361083,0.415314,1E-05,0.221807,0.001786,0.425871,0.321775,0.221942,1E-05,0.030392,1E-05,1E-05,0.221433,0.030663,0.37975,0.142806,1E-05,0.225328
CS012,England AS,0.040692,0.959298,1E-05,0.535318,0.010874,0.453798,1E-05,0.360566,0.35413,1E-05,0.285284,1E-05,0.372993,0.334143,0.290821,1E-05,0.002023,1E-05,1E-05,0.293882,0.002258,0.329635,0.143605,1E-05,0.2306
CS013,England AS,0.043318,0.956672,1E-05,0.482433,0.008133,0.509424,1E-05,0.347217,0.399012,1E-05,0.253751,1E-05,0.425089,0.308063,0.266818,1E-05,1E-05,1E-05,1E-05,0.210294,1E-05,0.371331,0.191754,1E-05,0.226591
CS014,England AS,0.048923,0.951067,1E-05,0.508987,0.020681,0.470322,1E-05,0.334656,0.370375,1E-05,0.294949,1E-05,0.390949,0.306852,0.299211,1E-05,0.002969,1E-05,1E-05,0.279305,0.000323,0.342217,0.165689,1E-05,0.212447
CS016,England AS,0.06099,0.939,1E-05,0.493339,0.02522,0.481431,1E-05,0.335924,0.377702,1E-05,0.285325,0.00104,0.401904,0.30325,0.288696,1E-05,1E-05,0.00613,1E-05,0.31464,1E-05,0.369554,0.123123,0.001417,0.191246
CS017,England AS,0.036972,0.963018,1E-05,0.49978,0.005982,0.494228,1E-05,0.356949,0.392162,1.1E-05,0.250868,1E-05,0.419463,0.318419,0.262088,1E-05,1E-05,1E-05,1E-05,0.272706,1E-05,0.379481,0.136494,1E-05,0.211289
CS018,England AS,0.040181,0.959809,1E-05,0.505087,0.001753,0.49315,1E-05,0.336154,0.383699,1E-05,0.280127,1E-05,0.40135,0.306373,0.291966,1E-05,0.00029,1E-05,1E-05,0.33163,0.003686,0.367652,0.112041,1E-05,0.184971
CS019,England AS,0.060319,0.939671,1E-05,0.47773,0.026837,0.495423,1E-05,0.279717,0.384322,1E-05,0.335941,1E-05,0.387262,0.258986,0.337951,1E-05,0.01578,1E-05,1E-05,0.305753,0.014859,0.329334,0.180367,1E-05,0.169667
CS021,England AS,0.034534,0.965456,1E-05,0.456189,1E-05,0.543791,1E-05,0.305684,0.429491,1E-05,0.264805,1E-05,0.453706,0.271722,0.274541,1E-05,1E-05,1E-05,1E-05,0.254411,1E-05,0.40135,0.16459,1E-05,0.179619
CS022,England AS,0.03438,0.96561,1E-05,0.455619,1E-05,0.544361,1E-05,0.314545,0.426524,1E-05,0.25891,1E-05,0.438662,0.276495,0.270761,1E-05,0.014062,1E-05,1E-05,0.174001,0.015814,0.36296,0.22582,1E-05,0.221384
CS023,England AS,0.041747,0.958243,1E-05,0.504016,0.020876,0.474782,0.000325,0.3366,0.368264,1E-05,0.295116,1E-05,0.391033,0.306568,0.302369,1E-05,1E-05,1E-05,1E-05,0.274862,1E-05,0.338733,0.171154,1E-05,0.215221
CS024,England AS,0.01909,0.9809,1E-05,0.469696,1E-05,0.530284,1E-05,0.272993,0.412629,1E-05,0.314358,1E-05,0.422089,0.24606,0.331821,1E-05,1E-05,1E-05,1E-05,0.277579,1E-05,0.361509,0.19576,1E-05,0.165122
CS027,England AS,0.060325,0.939665,1E-05,0.479049,0.024743,0.496198,1E-05,0.307314,0.389426,1E-05,0.300955,0.002295,0.400528,0.281228,0.305848,1E-05,0.012375,1E-05,1E-05,0.270698,0.011026,0.342644,0.184152,1E-05,0.191461
CS028,England AS,0.056814,0.943176,1E-05,0.51319,0.030106,0.456694,1E-05,0.342371,0.356933,1E-05,0.296903,0.003784,0.364946,0.320589,0.289711,1E-05,0.024734,1E-05,1E-05,0.266964,0.023192,0.32176,0.163764,1E-05,0.224299
CS030,England AS,0.070069,0.922046,0.007885,0.477229,0.037193,0.477696,0.007881,0.333677,0.381334,0.007329,0.262011,0.015649,0.399652,0.302139,0.269336,0.007037,0.009985,0.011851,0.007144,0.231144,0.011054,0.341503,0.179719,0.006949,0.222486
OAI017,England AS,0.054742,0.945248,1E-05,0.488371,0.022069,0.48955,1E-05,0.328811,0.386682,1E-05,0.282342,0.002155,0.403659,0.297439,0.291266,1E-05,0.007615,1E-05,1E-05,0.138548,0.007085,0.322995,0.27183,1E-05,0.259522
OAI004_S0_L001_R1_001,England AS,0.042836,0.957154,1E-05,0.525886,0.014503,0.459601,1E-05,0.333699,0.354055,1E-05,0.312226,1E-05,0.36707,0.310587,0.316448,1E-05,0.005874,1E-05,1E-05,0.28418,0.004624,0.315929,0.174737,1E-05,0.220509
OAI016,England AS,0.042099,0.957891,1E-05,0.523842,0.015441,0.460707,1E-05,0.372603,0.364827,1E-05,0.26255,1E-05,0.385412,0.340749,0.269342,1E-05,0.004478,1E-05,1E-05,0.18415,0.003742,0.319287,0.214974,1E-05,0.277827
OAI007_S0_L001_R1_001,England AS,0.043347,0.956643,1E-05,0.489711,0.008845,0.501435,1E-05,0.324572,0.391799,1.6E-05,0.283604,1E-05,0.407148,0.294104,0.295722,1E-05,0.003005,1E-05,1E-05,0.247223,0.003313,0.34862,0.187091,1E-05,0.213732
OAI011,England AS,0.045531,0.954459,1E-05,0.494293,0.014291,0.491406,1E-05,0.345221,0.386554,1E-05,0.268204,1E-05,0.408919,0.311092,0.277077,1E-05,0.002893,1E-05,1E-05,0.17227,0.001896,0.337427,0.233324,1E-05,0.255063
OAI009,England AS,0.038598,0.961392,1E-05,0.505354,0.005706,0.48893,1E-05,0.352803,0.38441,1E-05,0.262767,1E-05,0.403094,0.319252,0.276372,1E-05,0.001262,1E-05,1E-05,0.154435,0.000322,0.328861,0.246743,1E-05,0.269619
OAI015,England AS,0.024181,0.975809,1E-05,0.506834,1E-05,0.493146,1E-05,0.363619,0.390266,1E-05,0.246095,1E-05,0.416029,0.325464,0.258477,1E-05,1E-05,1E-05,1E-05,0.14991,1E-05,0.344067,0.232254,1E-05,0.273739
OAI012,England AS,0.032704,0.967286,1E-05,0.522035,0.000263,0.477691,1E-05,0.353741,0.36967,1E-05,0.276569,1E-05,0.389619,0.322707,0.287644,1E-05,1E-05,1E-05,1E-05,0.168239,1E-05,0.316019,0.243337,1E-05,0.272375
OAI008,England AS,0.030921,0.969069,1E-05,0.520637,0.003954,0.4754,1E-05,0.342323,0.367946,1E-05,0.289711,1E-05,0.385058,0.314416,0.300497,1E-05,1E-05,1E-05,1E-05,0.187645,1E-05,0.311858,0.240788,1E-05,0.259679
OAI003,England AS,0.039268,0.960722,1E-05,0.488736,0.005175,0.506079,1E-05,0.346879,0.397235,1E-05,0.255866,1E-05,0.420513,0.309103,0.270355,1E-05,1E-05,1E-05,1E-05,0.237173,1E-05,0.369002,0.171361,1E-05,0.222433
OAI013,England AS,0.038053,0.961937,1E-05,0.489022,0.003569,0.507399,1E-05,0.342384,0.397837,1.2E-05,0.259757,1E-05,0.422237,0.304552,0.273181,1E-05,1E-05,1E-05,1E-05,0.15728,1E-05,0.348867,0.240115,1E-05,0.253708
OAI002,England AS,0.039558,0.960432,1E-05,0.47149,0.00235,0.52615,1E-05,0.318829,0.412493,1E-05,0.268658,1E-05,0.435028,0.282504,0.282438,1E-05,1E-05,1E-05,1E-05,0.264142,1E-05,0.386432,0.161082,1E-05,0.188314
OAI006,England AS,0.037172,0.962818,1E-05,0.462258,1E-05,0.537722,1E-05,0.321149,0.423395,1E-05,0.255436,1E-05,0.445927,0.281324,0.272719,1E-05,1E-05,1E-05,1E-05,0.244272,0.000474,0.392923,0.168899,1E-05,0.193411
OAI001,England AS,0.031613,0.968377,1E-05,0.485696,1E-05,0.514284,1E-05,0.30207,0.398003,1E-05,0.299907,1E-05,0.415205,0.272245,0.312521,1E-05,1E-05,1E-05,1E-05,0.283866,1E-05,0.361954,0.174173,1E-05,0.179977
OAI010,England AS,0.044356,0.955634,1E-05,0.464471,0.005054,0.530465,1E-05,0.304129,0.414082,1E-05,0.281769,1E-05,0.432138,0.269835,0.297997,1E-05,1E-05,1E-05,1E-05,0.167601,1E-05,0.350423,0.257531,1E-05,0.224414
OAI005_S0_L001_R1_001,England AS,0.042881,0.957109,1E-05,0.476429,0.00729,0.516271,1E-05,0.294322,0.398513,1E-05,0.307145,1E-05,0.414013,0.265667,0.320289,1E-05,1E-05,1E-05,1E-05,0.291294,1E-05,0.359731,0.17656,1E-05,0.172385
HAD013,England AS,0.04601,0.95398,1E-05,0.507043,0.015365,0.477582,1E-05,0.342775,0.374659,1E-05,0.282546,1E-05,0.389203,0.314038,0.290158,1E-05,0.006581,1E-05,1E-05,0.262942,0.006507,0.338362,0.168108,1E-05,0.224061
HAD010,England AS,0.043565,0.956425,1E-05,0.484465,0.009747,0.505778,1E-05,0.29861,0.392693,1E-05,0.308676,1E-05,0.405314,0.27161,0.31907,1.1E-05,0.003984,1E-05,1E-05,0.301826,0.003307,0.355018,0.164397,1E-05,0.175432
HAD008,England AS,0.040603,0.959387,1E-05,0.502564,0.008862,0.488564,1E-05,0.319145,0.378819,1.2E-05,0.302013,1E-05,0.394711,0.292228,0.313028,1E-05,1.3E-05,1E-05,1E-05,0.293484,1E-05,0.343084,0.166554,1E-05,0.196848
HAD012,England AS,0.033903,0.966087,1E-05,0.539748,0.005922,0.45432,1E-05,0.385383,0.354742,1E-05,0.259855,1E-05,0.375738,0.353656,0.270576,1E-05,1E-05,1E-05,1E-05,0.158677,1E-05,0.305247,0.234361,1E-05,0.301685
HAD001_S0_L001_R1_001,England AS,0.035601,0.964389,1E-05,0.547286,0.010599,0.442104,1E-05,0.379954,0.345045,1E-05,0.274981,1E-05,0.364114,0.352527,0.283329,1E-05,1E-05,1E-05,1E-05,0.241922,1E-05,0.31215,0.178656,1E-05,0.267242
HAD006,England AS,0.01604,0.98395,1E-05,0.537215,1E-05,0.462765,1E-05,0.372065,0.361992,1E-05,0.265923,1E-05,0.383926,0.340457,0.275587,1E-05,1E-05,1E-05,1E-05,0.261025,1E-05,0.337244,0.15515,1E-05,0.246551
HAD018,England AS,0.034559,0.926219,0.039221,0.487282,0.006075,0.470047,0.036596,0.380246,0.376101,0.035873,0.20777,1E-05,0.404198,0.339871,0.220025,0.035019,1E-05,0.000876,0.033988,0.040226,1E-05,0.31164,0.289582,1E-05,0.324544
HAD003,England AS,0.028681,0.971309,1E-05,0.529349,1E-05,0.470631,1E-05,0.365187,0.366218,1E-05,0.268575,1E-05,0.386056,0.333624,0.28029,1E-05,1E-05,1E-05,1E-05,0.229962,1E-05,0.329337,0.187275,1E-05,0.253396
HAD009,England AS,0.033859,0.966131,1E-05,0.505272,0.003196,0.491522,1E-05,0.348215,0.382633,1.2E-05,0.26913,1E-05,0.405235,0.314271,0.280464,1E-05,1E-05,1E-05,1E-05,0.172615,1E-05,0.334935,0.232675,1E-05,0.259745
HAD002_S0_L001_R1_001,England AS,0.031622,0.968368,1E-05,0.517704,1.9E-05,0.482266,1E-05,0.338172,0.370816,1E-05,0.290992,1E-05,0.389573,0.309031,0.301366,1E-05,1E-05,1E-05,1E-05,0.288766,1E-05,0.342724,0.157004,1E-05,0.211476
HAD015,England AS,0.043398,0.956592,1E-05,0.503257,0.01076,0.485973,1E-05,0.324723,0.37807,1E-05,0.297187,1E-05,0.395998,0.297524,0.306448,1E-05,1E-05,1E-05,1E-05,0.29552,1E-05,0.347005,0.158713,1E-05,0.198733
HAD017,England AS,0.035136,0.964854,1E-05,0.498173,0.002341,0.499476,1E-05,0.328502,0.387985,1.2E-05,0.283492,1E-05,0.408619,0.296596,0.294755,1E-05,1E-05,1E-05,1E-05,0.195426,1E-05,0.33662,0.230281,1E-05,0.237643
HAD007,England AS,0.04051,0.95948,1E-05,0.490597,0.007919,0.501474,1E-05,0.32647,0.39157,1E-05,0.28194,1E-05,0.411863,0.293865,0.294241,1E-05,1E-05,1E-05,1E-05,0.246454,1E-05,0.354111,0.187649,1E-05,0.211756
HAD004,England AS,0.040262,0.959728,1E-05,0.482751,0.004868,0.512372,1E-05,0.328313,0.401616,1E-05,0.270051,1E-05,0.423246,0.293411,0.283312,1E-05,1E-05,1E-05,1E-05,0.253033,1E-05,0.37082,0.171737,1E-05,0.20438
HAD005_S0_L001_R1_001,England AS,0.038485,0.961505,1E-05,0.497305,0.005427,0.497258,1E-05,0.320509,0.38449,1E-05,0.294981,1E-05,0.403202,0.290676,0.306093,1E-05,1E-05,1E-05,1E-05,0.282236,1E-05,0.350864,0.170147,1E-05,0.196723
HAD014,England AS,0.04477,0.95522,1E-05,0.479752,0.010339,0.509899,1E-05,0.316549,0.398727,1E-05,0.284704,1E-05,0.420845,0.282999,0.296126,1E-05,1E-05,1E-05,1E-05,0.201965,1E-05,0.350249,0.226432,1E-05,0.221324
HAD011,England AS,0.043104,0.956886,1E-05,0.470444,0.00719,0.522357,1E-05,0.300091,0.406935,1.6E-05,0.292948,1E-05,0.425837,0.267323,0.306811,1E-05,1E-05,1E-05,1E-05,0.197072,1E-05,0.351078,0.240278,1E-05,0.211541
HAD016,England AS,0.043379,0.956611,1E-05,0.463138,0.009494,0.527358,1E-05,0.298403,0.412813,1.2E-05,0.288762,1E-05,0.430972,0.265395,0.303603,1E-05,1E-05,1E-05,1E-05,0.206691,1E-05,0.358194,0.230347,1E-05,0.204737
ELY001,England AS,0.043052,0.956938,1E-05,0.509647,0.011934,0.478409,1E-05,0.343245,0.374967,1E-05,0.281768,1E-05,0.393176,0.313019,0.291288,1E-05,0.002498,1E-05,1E-05,0.228892,0.00248,0.336507,0.195824,1E-05,0.236277
ELY002_S0_L001_R1_001,England AS,0.040346,0.959644,1E-05,0.519782,0.010429,0.469778,1E-05,0.352375,0.368031,1E-05,0.279573,1E-05,0.388737,0.322518,0.288715,1E-05,1E-05,1E-05,1E-05,0.267583,1E-05,0.338832,0.163947,1E-05,0.229609
ELY004,England AS,0.029383,0.970607,1E-05,0.503829,4.5E-05,0.496116,1E-05,0.351813,0.388562,1.5E-05,0.259601,1E-05,0.412864,0.316362,0.270744,1E-05,1E-05,1E-05,1E-05,0.22453,1E-05,0.352941,0.185153,1E-05,0.237346
ELY005_S0_L001_R1_001,England AS,0.038184,0.961806,1E-05,0.50083,0.006495,0.492665,1E-05,0.344563,0.385458,1E-05,0.269959,1E-05,0.407926,0.311089,0.280955,1E-05,1E-05,1E-05,1E-05,0.266909,1E-05,0.361508,0.15629,1E-05,0.215263
ELY003,England AS,0.026478,0.973512,1E-05,0.487342,1E-05,0.512638,1E-05,0.320589,0.400227,1.9E-05,0.279155,1E-05,0.423066,0.28626,0.290644,1E-05,1E-05,1E-05,1E-05,0.264816,1E-05,0.371631,0.169574,1E-05,0.193949
ELY006,England AS,0.043557,0.956433,1E-05,0.485362,0.00717,0.507458,1E-05,0.309938,0.391676,1E-05,0.298366,1E-05,0.408982,0.28041,0.310579,1E-05,1E-05,1E-05,1E-05,0.25265,1E-05,0.348918,0.197673,1E-05,0.200728
CE049_S20615,England AS,0.050071,0.949919,1E-05,0.501251,0.014001,0.484738,1E-05,0.335288,0.377237,1E-05,0.287455,1E-05,0.395661,0.305102,0.299206,1E-05,1E-05,1E-05,1E-05,0.121356,1E-05,0.310002,0.291276,1E-05,0.277336
CE050_S20616,England AS,0.021382,0.978608,1E-05,0.534078,1E-05,0.465902,1E-05,0.411648,0.368035,1E-05,0.220298,1E-05,0.398039,0.369728,0.232203,1E-05,1E-05,1E-05,1E-05,1E-05,1E-05,0.289417,0.337597,1E-05,0.372946
KD007_S11567,England AS,0.040302,0.959084,0.000614,0.516295,0.011333,0.472362,1E-05,0.368629,0.374087,1E-05,0.257264,1E-05,0.399217,0.332087,0.268649,2.7E-05,1E-05,1E-05,1E-05,0.003858,1E-05,0.278341,0.368344,0.000333,0.349104
KD008_S11568,England AS,0.0248,0.97519,1E-05,0.525319,1E-05,0.474661,1E-05,0.369862,0.365545,1E-05,0.264573,1E-05,0.391188,0.333303,0.27548,1E-05,1E-05,1E-05,1E-05,1E-05,1E-05,0.245068,0.398207,1E-05,0.356684
KD009_S11569,England AS,0.041228,0.958762,1E-05,0.538235,0.013206,0.448549,1E-05,0.376861,0.351153,1E-05,0.271966,1E-05,0.372262,0.347514,0.280195,1E-05,1E-05,1E-05,1E-05,0.073948,1E-05,0.275675,0.315358,1E-05,0.334989
KD010_S11570,England AS,0.060765,0.712457,0.226778,0.375822,0.028267,0.366054,0.229857,0.293326,0.293651,0.23069,0.161227,0.021106,0.307913,0.26291,0.169969,0.230495,0.025644,0.003069,0.228025,1E-05,0.013415,0.213424,0.274113,0.005398,0.265616
KD011_S11571,England AS,0.037299,0.962691,1E-05,0.506671,0.010328,0.482991,1E-05,0.36281,0.383392,1E-05,0.253778,1E-05,0.402236,0.328398,0.264675,1E-05,0.004671,1E-05,1E-05,0.057462,0.003476,0.29916,0.320209,1E-05,0.319674
KD012_S11572,England AS,1E-05,0.99998,1E-05,0.559289,1E-05,0.440691,1E-05,0.396955,0.345563,1E-05,0.257461,1E-05,0.359304,0.366925,0.27374,1E-05,1E-05,1E-05,1E-05,0.05838,1E-05,0.26789,0.317766,1E-05,0.355934
KD013_S11573,England AS,0.007921,0.976181,0.015898,0.514402,1E-05,0.471734,0.013855,0.357701,0.369462,0.011699,0.261127,1E-05,0.398856,0.322069,0.267433,0.011621,1E-05,1E-05,0.013397,0.020719,1E-05,0.283982,0.349591,1E-05,0.332292
KD014_S11574,England AS,0.053501,0.946329,0.000169,0.482879,0.025417,0.491694,1E-05,0.352435,0.391164,1E-05,0.242117,0.014274,0.417288,0.313285,0.253712,1E-05,0.008218,0.007486,1E-05,0.014106,0.007892,0.299804,0.348554,0.008317,0.321317
KD016_S11576,England AS,0.032296,0.967694,1E-05,0.519157,0.000837,0.479996,1E-05,0.388282,0.378941,1E-05,0.232757,1E-05,0.40401,0.349706,0.246252,1E-05,1.2E-05,1E-05,1E-05,1E-05,1E-05,0.263282,0.376012,1E-05,0.360666
KD017_S11577,England AS,0.033706,0.966284,1E-05,0.522637,1E-05,0.477343,1E-05,0.366855,0.36696,1E-05,0.266165,1E-05,0.386197,0.336867,0.276906,1E-05,1E-05,1E-05,1E-05,0.072065,1E-05,0.301818,0.306347,1E-05,0.319739
KD018_S11578,England AS,0.009564,0.990426,1E-05,0.538879,1E-05,0.461101,1E-05,0.379402,0.358747,1E-05,0.261831,1E-05,0.382945,0.344091,0.272934,1E-05,1E-05,1E-05,1E-05,1E-05,1E-05,0.23495,0.401153,1E-05,0.363856
KD019_S11579,England AS,0.04149,0.9585,1E-05,0.532351,0.016164,0.451476,1E-05,0.39556,0.359157,1E-05,0.241984,0.003288,0.382054,0.36055,0.251695,1E-05,0.001173,0.004518,1E-05,0.050354,1E-05,0.294104,0.30415,0.004375,0.346997
KD020_S11580,England AS,0.019691,0.980299,1E-05,0.516274,1E-05,0.483706,1E-05,0.383449,0.380094,1E-05,0.236437,1E-05,0.406198,0.343854,0.249919,1E-05,1E-05,1E-05,1E-05,0.059251,1E-05,0.310557,0.301013,1E-05,0.329148
KD021_S11581,England AS,0.027796,0.972194,1E-05,0.545316,0.004102,0.449746,0.000836,0.396006,0.350865,0.000548,0.252571,1E-05,0.372739,0.362908,0.263359,0.00067,0.000314,1E-05,1E-05,0.043781,1E-05,0.279095,0.321186,1E-05,0.355908
KD022_S11582,England AS,0.011607,0.988383,1E-05,0.578053,1E-05,0.421927,1E-05,0.385357,0.318911,1E-05,0.295713,1E-05,0.33798,0.362374,0.299616,1E-05,1E-05,1E-05,1E-05,0.035364,1E-05,0.231666,0.357522,1E-05,0.375419
PJ006_S20636,England AS,0.048337,0.951653,1E-05,0.534939,0.027772,0.43728,1E-05,0.39609,0.349697,1E-05,0.237829,0.016374,0.37461,0.359588,0.248361,1E-05,1E-05,0.017421,1E-05,0.030129,1E-05,0.263712,0.332418,0.013665,0.360056
PJ007_S20637,England AS,0.047201,0.952789,1E-05,0.53967,0.019064,0.441256,1E-05,0.372762,0.346352,1E-05,0.280866,1E-05,0.360267,0.346114,0.281649,1E-05,0.011949,1E-05,1E-05,0.165467,0.010604,0.289003,0.239221,1E-05,0.295685
AD10_S20597,England AS,0.046041,0.951482,0.002477,0.480385,0.020462,0.49596,0.003194,0.348363,0.394503,0.000152,0.244463,0.01252,0.418423,0.311721,0.252546,1E-05,1E-05,0.01729,1E-05,0.205898,1E-05,0.361844,0.183035,0.013188,0.236015
AD93_S20601,England AS,0.026563,0.973427,1E-05,0.648343,0.009907,0.34174,1E-05,0.488967,0.269032,1E-05,0.241981,1E-05,0.298651,0.464567,0.236753,1E-05,1E-05,1E-05,1E-05,0.1385,1E-05,0.240362,0.211693,1E-05,0.409415
AD99_S20602,England AS,0.013402,0.986588,1E-05,0.524905,1E-05,0.475075,1E-05,0.411192,0.380481,1E-05,0.208307,1E-05,0.413726,0.36646,0.219784,1E-05,1E-05,1E-05,1E-05,0.063556,1E-05,0.334541,0.261572,1E-05,0.340301
AD113_S20603,England AS,0.058828,0.941162,1E-05,0.520784,0.028283,0.450923,1E-05,0.35947,0.357549,1E-05,0.277475,0.005495,0.372383,0.330273,0.285549,1E-05,0.011774,1E-05,1E-05,0.132196,0.008628,0.291705,0.275713,1E-05,0.291738
AD137b_S20605,England AS,0.038268,0.958776,0.002956,0.607643,0.018966,0.370985,0.002406,0.448168,0.294514,0.00233,0.254842,0.000146,0.319156,0.423025,0.252165,0.0022,1E-05,0.003445,0.001768,0.155785,1E-05,0.252729,0.220898,0.001058,0.367753
AD138a_S20606,England AS,0.049051,0.950939,1E-05,0.518585,0.018724,0.462681,1E-05,0.364201,0.366078,1E-05,0.269701,1E-05,0.383669,0.335625,0.272608,1E-05,0.008078,1E-05,1E-05,0.170649,0.007148,0.319794,0.222437,1E-05,0.279951
AD145_S20607,England AS,0.040009,0.959981,1E-05,0.496186,0.004777,0.499027,1E-05,0.361437,0.391956,1E-05,0.246587,1E-05,0.417086,0.323352,0.259531,1E-05,1E-05,1E-05,1E-05,0.065106,1E-05,0.32138,0.305128,1E-05,0.308356
AD152_S20608,England AS,0.034069,0.965921,1E-05,0.591531,0.013662,0.394797,1E-05,0.451607,0.316294,1E-05,0.231763,0.000325,0.34111,0.421267,0.231397,1E-05,0.006206,1E-05,1E-05,0.141992,0.004234,0.283155,0.207776,1E-05,0.362823
EAS005,England AS,0.038279,0.910315,0.051406,0.40179,0.000193,0.547489,0.050528,0.364838,0.451277,0.05023,0.128955,0.004699,0.486926,0.305514,0.144842,0.049126,0.013582,1E-05,0.044962,1E-05,0.003851,0.332715,0.32569,1E-05,0.292763
EAS001_S0_L001_R1_001,England AS,0.036734,0.963256,1E-05,0.558711,0.011691,0.429589,1E-05,0.382319,0.332658,1E-05,0.285002,1E-05,0.3502,0.357827,0.289065,1E-05,0.002887,1E-05,1E-05,0.273173,1.6E-05,0.304307,0.159229,1E-05,0.263254
EAS002,England AS,0.040994,0.958996,1E-05,0.531752,0.01162,0.456618,1E-05,0.372719,0.357231,1E-05,0.270029,1E-05,0.3778,0.34358,0.277819,1E-05,0.000781,1E-05,1E-05,0.270929,0.000377,0.333197,0.15058,1E-05,0.244897
EAS004,England AS,0.025285,0.973779,0.000936,0.567273,0.002212,0.430167,0.000348,0.401,0.334337,1.2E-05,0.264641,1E-05,0.355392,0.37354,0.271038,1E-05,1E-05,1E-05,1E-05,0.239517,1E-05,0.306693,0.168912,1E-05,0.284848
EAS006,England AS,0.034431,0.935851,0.029718,0.529309,0.012104,0.431615,0.026972,0.397997,0.343041,0.026368,0.230712,0.001882,0.367809,0.363945,0.238531,0.02557,1E-05,0.004135,0.024984,0.05479,1E-05,0.273306,0.294551,0.002641,0.349719
EAS003_S0_L001_R1_001,England AS,0.028772,0.662289,0.30894,0.410844,0.014613,0.26765,0.306894,0.279146,0.206064,0.303958,0.210823,1E-05,0.219691,0.266379,0.208973,0.304268,1E-05,0.000679,0.302285,0.18613,1E-05,0.185982,0.122856,1E-05,0.202727
POH006,England AS,0.042968,0.957022,1E-05,0.531343,0.018242,0.450405,1E-05,0.367648,0.354415,1E-05,0.273161,0.004766,0.369144,0.340515,0.278108,1E-05,0.01044,0.001782,1E-05,0.256256,0.009831,0.321095,0.162681,1E-05,0.250117
POH007,England AS,0.033848,0.966142,1E-05,0.51748,0.003465,0.479045,1E-05,0.369515,0.375644,1E-05,0.25482,1E-05,0.394917,0.335491,0.264439,1E-05,0.005133,1E-05,1E-05,0.141058,0.002443,0.320171,0.247218,1E-05,0.28909
POH004,England AS,0.039526,0.960464,1E-05,0.50088,0.008024,0.491086,1E-05,0.367863,0.389195,1E-05,0.242922,1E-05,0.411666,0.329976,0.254326,1E-05,0.004012,1E-05,1E-05,0.12375,0.001535,0.33339,0.252969,1E-05,0.288337
POH005,England AS,0.043263,0.956727,1E-05,0.525348,0.016455,0.458187,1E-05,0.362735,0.359116,1E-05,0.278129,1E-05,0.382771,0.331975,0.282319,1E-05,1E-05,0.002915,1.2E-05,0.166988,1E-05,0.309918,0.241581,0.000994,0.280496
POH002,England AS,0.032541,0.967449,1E-05,0.512928,0.002886,0.484176,1E-05,0.354339,0.377993,1E-05,0.267648,1E-05,0.399407,0.321877,0.278686,1E-05,1E-05,1E-05,1E-05,0.259342,1E-05,0.348883,0.163441,1E-05,0.228305
POH008,England AS,0.037121,0.962869,1E-05,0.488798,0.000301,0.510891,1E-05,0.358035,0.404836,1.1E-05,0.237108,1E-05,0.429044,0.318387,0.25254,1E-05,1E-05,1E-05,1E-05,0.117525,1E-05,0.349362,0.255205,1E-05,0.277879
POH009,England AS,0.032745,0.967245,1E-05,0.488406,1E-05,0.511574,1E-05,0.339384,0.4005,1E-05,0.260096,1E-05,0.421272,0.302,0.276698,1E-05,1E-05,1E-05,1E-05,0.125444,1E-05,0.339238,0.269687,1E-05,0.265601
POH001,England AS,0.033437,0.966553,1E-05,0.478326,0.001211,0.520454,1E-05,0.323,0.405991,1E-05,0.270989,1E-05,0.424838,0.287982,0.28715,1E-05,1E-05,1E-05,1E-05,0.253284,1E-05,0.371518,0.174344,1E-05,0.200824
POH003,England AS,0.035568,0.964422,1E-05,0.471488,0.000519,0.527983,1E-05,0.319114,0.412684,1E-05,0.268182,1E-05,0.434412,0.281621,0.283937,1E-05,1E-05,1E-05,1E-05,0.137921,1E-05,0.349894,0.268399,1E-05,0.243757
MDM001,Netherlands EMA,0.035934,0.964056,1E-05,0.505776,0.00333,0.490884,1E-05,0.332646,0.381651,1E-05,0.285683,1E-05,0.400314,0.303359,0.296297,1E-05,1E-05,1E-05,1E-05,0.250575,1E-05,0.343255,0.185877,1E-05,0.220263
MDM002,Netherlands EMA,0.045919,0.954071,1E-05,0.556145,0.021369,0.422476,1E-05,0.358075,0.324893,1E-05,0.314517,0.002505,0.33965,0.338826,0.316469,1E-05,0.002384,0.002661,1E-05,0.315552,0.002142,0.297574,0.148977,5.4E-05,0.235691
MDM003,Netherlands EMA,0.041179,0.958811,1E-05,0.497619,0.01081,0.491561,1E-05,0.339654,0.386329,1E-05,0.273997,1E-05,0.407525,0.308034,0.284411,1E-05,1E-05,1E-05,1E-05,0.215507,1E-05,0.344355,0.203606,1E-05,0.236502
MDM004,Netherlands EMA,0.028814,0.971176,1E-05,0.527052,1E-05,0.472928,1E-05,0.37606,0.369565,1E-05,0.254355,1E-05,0.391807,0.34159,0.26657,1E-05,1.3E-05,1E-05,1E-05,0.191269,1E-05,0.32969,0.204306,1E-05,0.274706
MDM005,Netherlands EMA,0.040012,0.959978,1E-05,0.490051,0.009155,0.500784,1E-05,0.332848,0.393955,1E-05,0.273177,1E-05,0.415114,0.299844,0.282883,1E-05,0.002139,1E-05,1E-05,0.291497,0.002455,0.373255,0.137733,1E-05,0.19504
MDM006,Netherlands EMA,0.034735,0.965255,1E-05,0.574219,0.009888,0.415884,1E-05,0.356962,0.314704,1E-05,0.328314,1E-05,0.327574,0.3416,0.330796,1E-05,1E-05,1E-05,1E-05,0.345656,1.3E-05,0.285369,0.141282,1E-05,0.22766
MDM007,Netherlands EMA,0.036667,0.963323,1E-05,0.510914,0.003708,0.485368,1E-05,0.342137,0.375961,1E-05,0.281882,1E-05,0.394807,0.311602,0.293561,1E-05,1E-05,1E-05,1E-05,0.209335,1E-05,0.329025,0.216865,1E-05,0.244745
KPN011,Denmark EMA,0.046024,0.937995,0.015982,0.494065,0.014722,0.476601,0.014611,0.348853,0.378004,0.01355,0.259583,1E-05,0.392602,0.31695,0.265291,0.012863,0.012285,1E-05,0.011974,0.148209,0.012032,0.318081,0.239145,1E-05,0.27055
KPN007,Denmark EMA,0.040171,0.931602,0.028226,0.500523,0.011279,0.462898,0.025299,0.366237,0.367667,0.023914,0.242172,1E-05,0.390356,0.333341,0.247645,0.023298,0.00535,1E-05,0.022713,0.10182,0.001368,0.306779,0.266635,1E-05,0.300675
KPN009,Denmark EMA,0.037251,0.943969,0.01878,0.517953,0.013292,0.451776,0.016979,0.391561,0.361233,0.01646,0.228596,0.002149,0.386597,0.356142,0.236164,0.015828,0.005175,9.3E-05,0.015653,0.107188,0.004511,0.311584,0.244738,1E-05,0.316317
KPN006,Denmark EMA,0.046735,0.92455,0.028715,0.459615,0.013635,0.498916,0.027835,0.33982,0.400918,0.026779,0.232287,0.000196,0.424164,0.301312,0.243689,0.026089,0.003574,0.001173,0.025497,0.075681,1E-05,0.33396,0.283404,0.002975,0.278473
KPN013,Denmark EMA,0.040472,0.939682,0.019845,0.491137,0.013181,0.47793,0.017751,0.350996,0.380348,0.016486,0.251314,0.000855,0.400896,0.316344,0.261615,0.015955,0.002555,0.002637,0.015534,0.099524,0.000432,0.314689,0.277681,0.002806,0.289334
KPN003,Denmark EMA,0.034991,0.955295,0.009714,0.489902,0.008052,0.494387,0.00766,0.340082,0.39119,0.006218,0.262499,1E-05,0.413464,0.305833,0.273266,0.006001,0.001426,1E-05,0.005435,0.161499,0.001025,0.338294,0.238758,1E-05,0.25498
KPN015,Denmark EMA,0.042836,0.941949,0.015214,0.500088,0.015278,0.470594,0.01404,0.349716,0.370671,0.012719,0.264893,0.002001,0.39316,0.317102,0.272252,0.012201,1E-05,0.005275,0.01184,0.121684,1E-05,0.310603,0.268378,0.004303,0.283182
KPN012,Denmark EMA,0.034996,0.953083,0.011921,0.508438,0.00417,0.477326,0.010066,0.347208,0.373722,0.007831,0.271229,1E-05,0.395487,0.31645,0.280537,0.007507,1E-05,1E-05,0.007044,0.152686,1E-05,0.316532,0.251493,1E-05,0.272224
KPN008,Denmark EMA,0.040959,0.947802,0.011239,0.487929,0.012847,0.489734,0.00949,0.351,0.389212,0.008443,0.249878,0.001466,0.412989,0.315459,0.260473,0.007943,1E-05,0.003127,0.007524,0.108227,1E-05,0.327799,0.271253,0.002336,0.282851
KPN004,Denmark EMA,0.038997,0.920651,0.040352,0.472051,0.011232,0.478357,0.038359,0.354095,0.383779,0.037234,0.221826,0.003066,0.411066,0.314692,0.232557,0.036477,1E-05,0.005197,0.035953,0.027735,1E-05,0.307042,0.313791,0.004765,0.310704
KPN001,Denmark EMA,0.038626,0.942214,0.01916,0.505185,0.01067,0.46649,0.017654,0.341309,0.364992,0.015867,0.277822,1E-05,0.385688,0.311623,0.28716,0.01551,1E-05,1E-05,0.014862,0.141278,1E-05,0.302672,0.267398,1E-05,0.273768
KPN002,Denmark EMA,0.043724,0.940066,0.01621,0.472703,0.012896,0.500687,0.013713,0.340323,0.400227,0.012581,0.246859,1E-05,0.424019,0.303598,0.258216,0.012,1E-05,0.002158,0.01127,0.10566,1E-05,0.338286,0.271819,0.001355,0.271601
KPN014,Denmark EMA,0.045882,0.94042,0.013698,0.470661,0.010607,0.505996,0.012735,0.328456,0.400642,0.011367,0.259525,1E-05,0.425057,0.291746,0.272222,0.010955,1E-05,1E-05,0.010373,0.126141,1E-05,0.338491,0.269094,1E-05,0.255881
KPN005,Denmark EMA,0.035872,0.918471,0.045657,0.438432,0.003648,0.514218,0.043702,0.334536,0.413398,0.042059,0.209996,1E-05,0.440291,0.290431,0.228386,0.040872,1E-05,1E-05,0.040514,1E-05,1E-05,0.327671,0.336601,1E-05,0.295184
GRO001,Germany EMA,0.025437,0.974553,1E-05,0.514382,1E-05,0.485598,1E-05,0.343839,0.378582,1E-05,0.277559,1E-05,0.398077,0.312915,0.288978,1E-05,1E-05,1E-05,1E-05,0.238433,1E-05,0.340452,0.188561,1E-05,0.232524
GRO002,Germany EMA,0.04391,0.95608,1E-05,0.500015,0.012183,0.487791,1E-05,0.336276,0.383725,1E-05,0.279979,1E-05,0.403852,0.305804,0.290308,1E-05,1.6E-05,1E-05,1E-05,0.237781,1E-05,0.343109,0.191715,1E-05,0.227366
GRO004,Germany EMA,0.042268,0.957722,1E-05,0.510982,0.01546,0.473548,1E-05,0.340609,0.369479,1E-05,0.289892,1E-05,0.387876,0.312079,0.296295,1E-05,1E-05,0.00373,1E-05,0.260294,1E-05,0.330032,0.181131,1E-05,0.228512
GRO005,Germany EMA,0.037665,0.962325,1E-05,0.511299,0.008979,0.479711,1E-05,0.348799,0.37572,1E-05,0.27546,1E-05,0.395803,0.317744,0.286419,1E-05,1.4E-05,1E-05,1E-05,0.215354,1E-05,0.331922,0.206773,1E-05,0.245921
GRO006,Germany EMA,0.035114,0.961646,0.00324,0.563079,0.00985,0.42457,0.002501,0.392098,0.328958,0.000707,0.278227,1E-05,0.349343,0.365929,0.284238,0.00047,1E-05,1E-05,1E-05,0.209089,1E-05,0.289265,0.204029,1E-05,0.297587
GRO007,Germany EMA,0.042827,0.957163,1E-05,0.520677,0.014383,0.464929,1E-05,0.360365,0.367101,1E-05,0.272514,1E-05,0.389195,0.330124,0.280651,1E-05,1E-05,1E-05,1E-05,0.24426,1E-05,0.335853,0.1753,1E-05,0.244557
GRO008,Germany EMA,0.030952,0.969038,1E-05,0.502747,0.000824,0.496419,1E-05,0.340278,0.386744,1.7E-05,0.272951,1E-05,0.406348,0.308074,0.285548,1E-05,1E-05,1E-05,1E-05,0.242551,1E-05,0.350977,0.180678,1E-05,0.225764
GRO010,Germany EMA,0.043181,0.956809,1E-05,0.508737,0.01177,0.479482,1E-05,0.349261,0.378105,1E-05,0.272614,1E-05,0.396477,0.318428,0.280402,1E-05,0.004672,1E-05,1E-05,0.219978,0.002049,0.336634,0.197098,1E-05,0.244221
GRO012,Germany EMA,0.037348,0.962642,1E-05,0.555793,0.012789,0.431408,1E-05,0.376987,0.335612,1E-05,0.287381,1E-05,0.35785,0.352144,0.289976,1E-05,1E-05,1E-05,1E-05,0.281505,1E-05,0.31403,0.150637,1E-05,0.253798
GRO013,Germany EMA,0.033033,0.966957,1E-05,0.520725,0.004123,0.475142,1E-05,0.342037,0.367759,1E-05,0.290184,1E-05,0.387957,0.313785,0.298229,1E-05,1E-05,1E-05,1E-05,0.249095,1E-05,0.332427,0.185616,1E-05,0.232833
GRO014,Germany EMA,0.044686,0.955304,1E-05,0.509051,0.011863,0.479076,1E-05,0.310419,0.367496,1E-05,0.322066,1E-05,0.382697,0.287179,0.330094,1E-05,1E-05,1E-05,1E-05,0.269205,1E-05,0.321638,0.20069,1E-05,0.208437
GRO015,Germany EMA,0.043508,0.956482,1E-05,0.518609,0.010605,0.470776,1E-05,0.339849,0.364795,1E-05,0.295336,1E-05,0.38307,0.313284,0.303616,1E-05,1E-05,1E-05,1E-05,0.264852,1E-05,0.325812,0.182484,1E-05,0.226822
GRO016,Germany EMA,0.034582,0.965408,1E-05,0.546879,0.01018,0.442931,1E-05,0.366083,0.344277,1E-05,0.28962,1E-05,0.364339,0.34033,0.295301,1E-05,1E-05,1E-05,1E-05,0.2823,1E-05,0.316846,0.15717,1E-05,0.243654
GRO017,Germany EMA,0.040242,0.959748,1E-05,0.513784,0.011412,0.474794,1E-05,0.345045,0.372879,1.1E-05,0.282056,1E-05,0.393155,0.315155,0.29166,1E-05,1E-05,1E-05,1E-05,0.23179,1E-05,0.333058,0.195242,1E-05,0.239881
GRO019,Germany EMA,0.033807,0.966183,1E-05,0.493462,1E-05,0.506518,1E-05,0.316427,0.389628,1E-05,0.293924,1E-05,0.409625,0.284741,0.305604,1E-05,1E-05,1E-05,1E-05,0.19325,1E-05,0.337276,0.240645,1E-05,0.228799
GRO020,Germany EMA,0.03462,0.96537,1E-05,0.502564,0.00927,0.488156,1E-05,0.357914,0.385653,1E-05,0.256412,1E-05,0.408352,0.322414,0.261913,1E-05,0.007302,1E-05,1E-05,0.18384,1E-05,0.346632,0.213125,1E-05,0.256373
GRO021,Germany EMA,0.045318,0.954672,1E-05,0.450922,0.010255,0.538813,1E-05,0.30913,0.427034,1E-05,0.263817,1E-05,0.449882,0.270264,0.279825,1E-05,1E-05,1E-05,1E-05,0.214143,1E-05,0.385469,0.200923,1E-05,0.199434
GRO023,Germany EMA,0.049548,0.94924,0.001212,0.541839,0.023916,0.433546,0.000699,0.357026,0.339719,1E-05,0.301776,0.001469,0.356215,0.334284,0.305512,1E-05,1E-05,0.00397,1E-05,0.265129,0.000558,0.300606,0.181823,0.00127,0.250604
GRO024,Germany EMA,0.028588,0.971402,1E-05,0.584865,0.007652,0.407472,1E-05,0.398273,0.315006,1.7E-05,0.286694,1E-05,0.332452,0.376326,0.291193,1E-05,1E-05,1E-05,1E-05,0.252237,1E-05,0.280326,0.176636,1E-05,0.290772
ADN002,Germany EMA,0.04145,0.923082,0.035468,0.450167,0.011424,0.504977,0.033431,0.325844,0.40496,0.032053,0.236397,0.000746,0.427145,0.287795,0.248796,0.03133,0.004925,1E-05,0.030431,0.098236,0.004296,0.33942,0.269574,1E-05,0.258033
ADN003,Germany EMA,0.032898,0.934018,0.033084,0.490538,0.009177,0.470605,0.029681,0.369215,0.377836,0.028849,0.22409,1E-05,0.40262,0.331466,0.233951,0.027962,0.003991,1E-05,0.027246,0.080332,0.002604,0.319858,0.266758,1E-05,0.303192
ADN010,Germany EMA,0.032629,0.934966,0.032405,0.510432,0.00835,0.451745,0.029472,0.371074,0.357566,0.02794,0.243411,1E-05,0.381333,0.337726,0.25093,0.027161,0.00284,1E-05,0.026244,0.10471,0.002155,0.298678,0.262981,1E-05,0.305223
ADN008,Germany EMA,0.039222,0.919964,0.040814,0.496739,0.011448,0.45355,0.038264,0.359069,0.3586,0.036773,0.245548,1E-05,0.380807,0.326898,0.25502,0.036014,0.001251,1E-05,0.035206,0.101386,8.8E-05,0.296016,0.269803,1E-05,0.29749
ADN001,Germany EMA,0.037615,0.930388,0.031997,0.54555,0.017299,0.408205,0.028946,0.395372,0.322613,0.027761,0.250616,0.003639,0.344984,0.36722,0.254294,0.026905,0.001134,0.005462,0.025964,0.09299,1E-05,0.258388,0.27583,0.004869,0.341948
ADN014,Germany EMA,0.031737,0.929331,0.038932,0.554768,0.012899,0.396593,0.03574,0.401635,0.311227,0.034427,0.25158,0.001132,0.335037,0.374564,0.252152,0.033743,0.00046,0.004045,0.032687,0.122268,0.000172,0.260718,0.246306,0.002602,0.335246
ADN015,Germany EMA,0.032753,0.932381,0.034865,0.558654,0.01229,0.397372,0.031684,0.401878,0.312351,0.030355,0.255407,1E-05,0.335156,0.376484,0.257487,0.029838,1E-05,0.001026,0.028864,0.128037,1E-05,0.25847,0.247402,1E-05,0.337207
ADN005,Germany EMA,0.024656,0.944464,0.03088,0.507685,0.00332,0.461118,0.027876,0.393414,0.369089,0.026728,0.210759,1E-05,0.399908,0.353375,0.220654,0.026043,1E-05,1E-05,0.025435,0.081272,1E-05,0.319602,0.253277,1E-05,0.320393
ADN009,Germany EMA,0.025934,0.940609,0.033457,0.502615,0.003986,0.462451,0.030949,0.373246,0.367808,0.029202,0.229733,1E-05,0.393929,0.336458,0.240966,0.028628,1E-05,1E-05,0.0277,0.073427,1E-05,0.302072,0.282313,1E-05,0.314468
ADN007,Germany EMA,0.034427,0.936832,0.028741,0.48048,0.003035,0.490177,0.026308,0.336107,0.385248,0.023888,0.254747,1E-05,0.408164,0.301782,0.266666,0.023367,1E-05,1E-05,0.02262,0.102435,1E-05,0.319557,0.281092,1E-05,0.274276
ADN011,Germany EMA,0.038936,0.913222,0.047842,0.435813,0.008756,0.510655,0.044775,0.339746,0.413164,0.044122,0.202749,0.00022,0.441677,0.294266,0.217581,0.042806,1E-05,0.003661,0.042001,0.024001,1E-05,0.341179,0.30186,0.003715,0.287233
ADN012,Germany EMA,0.008226,0.932185,0.059589,0.406142,1E-05,0.536669,0.05718,0.336698,0.443671,0.05698,0.162641,1E-05,0.474983,0.284406,0.184918,0.055673,1E-05,1E-05,0.053193,1E-05,1E-05,0.334305,0.331841,1E-05,0.280631
ADN006,Germany EMA,0.041401,0.917865,0.040734,0.445155,0.012567,0.503615,0.038663,0.320011,0.403538,0.03739,0.238977,8.5E-05,0.4275,0.281022,0.251667,0.036374,1E-05,0.003427,0.035879,0.086771,1E-05,0.33658,0.280122,0.002859,0.257779
ADN004,Germany EMA,0.036568,0.924871,0.038561,0.432821,0.007096,0.523145,0.036938,0.315693,0.421101,0.03539,0.227806,1E-05,0.449052,0.272983,0.243329,0.034616,1E-05,1E-05,0.034135,0.070457,1E-05,0.352269,0.289037,1E-05,0.254082
ADN013,Germany EMA,0.048238,0.900444,0.051317,0.402236,0.012973,0.53531,0.049482,0.300127,0.430519,0.048338,0.219637,0.00138,0.457345,0.254934,0.234851,0.046965,1E-05,0.005895,0.046252,0.024947,1E-05,0.348973,0.320209,0.005446,0.254164
DRU018,Germany EMA,0.031987,0.905072,0.062941,0.445708,0.003779,0.491083,0.059431,0.35349,0.397198,0.058723,0.190578,1E-05,0.428872,0.309223,0.203005,0.057611,1E-05,0.001279,0.056739,0.016566,1E-05,0.33107,0.293936,0.001306,0.300373
DRU001,Germany EMA,0.027835,0.906178,0.065987,0.434443,1E-05,0.503014,0.062532,0.347089,0.404028,0.061437,0.187435,1E-05,0.434822,0.301081,0.203768,0.060309,1E-05,1E-05,0.05843,1E-05,1E-05,0.319295,0.321179,1E-05,0.301066
DRU016,Germany EMA,0.040235,0.899237,0.060528,0.425601,0.008699,0.5085,0.057199,0.349185,0.413637,0.057209,0.176909,0.003061,0.444003,0.300792,0.193547,0.055878,1E-05,0.00577,0.054216,1E-05,1E-05,0.327867,0.316932,0.003435,0.29753
DRU013,Germany EMA,0.038306,0.911665,0.050029,0.446212,0.009384,0.496678,0.047727,0.337446,0.398877,0.04685,0.216817,1E-05,0.426559,0.295557,0.228551,0.045588,1E-05,0.003735,0.045245,0.020364,1E-05,0.321837,0.315777,0.003264,0.293503
DRU017,Germany EMA,0.032023,0.89933,0.068647,0.433216,0.00199,0.499702,0.065093,0.338193,0.402294,0.064074,0.195428,1E-05,0.432009,0.293468,0.211642,0.062862,1E-05,1E-05,0.060871,1E-05,1E-05,0.314575,0.327887,1E-05,0.296636
DRU009,Germany EMA,0.025378,0.893826,0.080796,0.384471,1E-05,0.538392,0.077127,0.349279,0.4448,0.078089,0.127822,1E-05,0.483727,0.290443,0.149402,0.076408,1E-05,1E-05,0.072323,1E-05,1E-05,0.348488,0.303648,1E-05,0.275511
DRU014,Germany EMA,0.030497,0.914131,0.055371,0.42211,0.001518,0.523303,0.05307,0.336717,0.423256,0.051839,0.188178,1E-05,0.454208,0.287935,0.207206,0.050632,1E-05,1E-05,0.049241,1E-05,1E-05,0.335105,0.327285,1E-05,0.288339
DRU005,Germany EMA,0.023625,0.897013,0.079362,0.396665,1E-05,0.528342,0.074983,0.342527,0.433537,0.0755,0.148426,1E-05,0.469408,0.286996,0.170018,0.073558,1E-05,1E-05,0.067959,1E-05,1E-05,0.315419,0.338128,1E-05,0.278465
DRU002,Germany EMA,0.031225,0.880538,0.088237,0.388283,1E-05,0.526329,0.085378,0.334493,0.429367,0.085284,0.150847,1E-05,0.465315,0.280161,0.169925,0.083724,1E-05,0.000865,0.078373,1E-05,1E-05,0.323141,0.327448,1E-05,0.271008
DRU003,Germany EMA,0.026096,0.911333,0.06257,0.421593,0.002431,0.516307,0.059669,0.320562,0.414535,0.057852,0.207041,1E-05,0.444742,0.275166,0.223197,0.056874,1E-05,1E-05,0.055842,1E-05,1E-05,0.325312,0.338582,1E-05,0.280234
DRU015,Germany EMA,0.035027,0.874168,0.090805,0.381937,0.004605,0.526341,0.087117,0.32737,0.431169,0.087656,0.152734,0.001072,0.463866,0.274503,0.170864,0.085711,1E-05,0.005046,0.081933,1E-05,1E-05,0.325344,0.323012,0.000677,0.269015
DRU004,Germany EMA,0.032549,0.906605,0.060846,0.420142,0.000907,0.52006,0.058891,0.31868,0.417951,0.057312,0.206046,1E-05,0.447163,0.273861,0.222627,0.056329,1E-05,1E-05,0.055742,0.01397,1E-05,0.335279,0.321338,1E-05,0.273652
DRU006,Germany EMA,0.039501,0.898781,0.061717,0.413928,0.00547,0.520979,0.059623,0.319829,0.419059,0.05857,0.202532,1E-05,0.448734,0.273348,0.21857,0.057339,1E-05,0.002,0.056787,0.013816,1E-05,0.344276,0.312464,0.000908,0.27174
DRU007,Germany EMA,0.022788,0.891368,0.085843,0.389919,1E-05,0.528106,0.081965,0.31343,0.427332,0.081154,0.178074,1E-05,0.458774,0.263098,0.198509,0.079599,1E-05,1E-05,0.075349,1E-05,1E-05,0.312068,0.348136,1E-05,0.264417
DRU008,Germany EMA,0.05286,0.8764,0.07074,0.368767,0.015083,0.546226,0.069925,0.323409,0.447317,0.070515,0.141674,0.017084,0.487225,0.262926,0.157151,0.068473,1E-05,0.024214,0.066627,1E-05,1E-05,0.385984,0.278833,0.020366,0.24817
DRU011,Germany EMA,0.031553,0.872036,0.096411,0.386731,0.000458,0.520047,0.092764,0.312813,0.421651,0.091634,0.173892,1E-05,0.453929,0.26244,0.193633,0.089978,1E-05,1E-05,0.086662,1E-05,1E-05,0.315372,0.333981,1E-05,0.263956
DRU012,Germany EMA,0.035183,0.89417,0.070647,0.397522,0.000996,0.53335,0.068132,0.301486,0.430387,0.066427,0.20169,1E-05,0.460136,0.254341,0.220262,0.065241,1E-05,1E-05,0.062998,1E-05,1E-05,0.332737,0.344173,1E-05,0.260063
DUN012,Germany EMA,0.041335,0.878362,0.080302,0.377666,0.012905,0.531906,0.077523,0.321209,0.436317,0.077732,0.156481,0.008262,0.468519,0.267391,0.176331,0.076282,0.005595,0.005883,0.071471,1E-05,0.003784,0.315448,0.347134,0.001193,0.26096
DUN008,Germany EMA,0.016988,0.9362,0.046812,0.468678,1E-05,0.484123,0.04719,0.393241,0.392276,0.047305,0.167169,1E-05,0.43289,0.340737,0.179449,0.046904,1E-05,1E-05,0.047333,0.036328,1E-05,0.35553,0.245313,1E-05,0.315476
DUN010,Germany EMA,0.03355,0.886091,0.080358,0.438916,0.007536,0.475983,0.077565,0.355283,0.386523,0.077485,0.179223,0.001487,0.417223,0.309272,0.193713,0.07592,1E-05,0.003863,0.072905,1E-05,1E-05,0.290572,0.32587,0.001715,0.308918
DUN005,Germany EMA,0.035031,0.892116,0.072853,0.416805,0.006843,0.506738,0.069614,0.360732,0.413351,0.070188,0.150986,0.004743,0.44694,0.30719,0.168824,0.068612,1E-05,0.008425,0.064553,1E-05,1E-05,0.305782,0.329674,0.001,0.298972
DUN001_A0101,Germany EMA,0.021281,0.916775,0.061944,0.429918,1E-05,0.511829,0.058243,0.35109,0.413516,0.057514,0.17787,1E-05,0.446712,0.299389,0.197764,0.056115,1E-05,1E-05,0.051996,1E-05,1E-05,0.297412,0.35082,1E-05,0.299741
DUN011,Germany EMA,0.018932,0.91405,0.067018,0.431215,1E-05,0.506166,0.062609,0.343747,0.40967,0.061701,0.184872,1E-05,0.44113,0.296726,0.201623,0.060501,1E-05,1E-05,0.058917,1.1E-05,1E-05,0.32728,0.318018,1E-05,0.295754
DUN013,Germany EMA,0.020652,0.91992,0.059428,0.424917,1E-05,0.519466,0.055607,0.336304,0.418911,0.054479,0.190296,1E-05,0.449186,0.288642,0.208728,0.053423,1E-05,1E-05,0.052167,1E-05,1E-05,0.316897,0.338542,1E-05,0.292364
DUN002,Germany EMA,0.03098,0.911289,0.057731,0.423596,0.001843,0.520438,0.054123,0.33185,0.419255,0.052877,0.196008,1E-05,0.448994,0.28525,0.214045,0.051691,1E-05,1E-05,0.049991,1E-05,1E-05,0.326277,0.33669,1E-05,0.287012
DUN006,Germany EMA,0.032637,0.903504,0.063859,0.418816,0.005426,0.515376,0.060381,0.321398,0.414577,0.058896,0.205119,1E-05,0.443348,0.275121,0.22238,0.057603,1E-05,0.001538,0.056577,1E-05,1E-05,0.315497,0.345456,1E-05,0.28244
DUN009,Germany EMA,0.02721,0.91119,0.061601,0.426937,1E-05,0.514669,0.058384,0.314663,0.410146,0.056184,0.218997,1E-05,0.434857,0.273687,0.236229,0.055207,1E-05,1E-05,0.053148,1.3E-05,1E-05,0.302491,0.359639,1E-05,0.284688
DUN001_B0101,Germany EMA,0.03689,0.873113,0.089997,0.39261,0.009069,0.511891,0.08643,0.322632,0.418705,0.086383,0.168278,0.004002,0.449599,0.272522,0.186261,0.084562,1E-05,0.007046,0.080892,1E-05,1E-05,0.304484,0.34015,0.002432,0.272022
DUN007,Germany EMA,0.041442,0.907695,0.050863,0.398812,0.007079,0.545675,0.048434,0.314614,0.443144,0.047433,0.194657,0.000152,0.472153,0.265247,0.212878,0.045935,1E-05,0.003778,0.045363,1E-05,1E-05,0.355358,0.328955,0.002137,0.268167
HID003,Germany EMA,0.043889,0.935169,0.020942,0.429044,0.01068,0.540749,0.019527,0.346117,0.440421,0.019243,0.190403,0.003816,0.467551,0.296883,0.210667,0.018257,0.000832,0.005809,0.018384,1E-05,1E-05,0.350294,0.330715,0.004984,0.295604
HID004,Germany EMA,0.030498,0.949446,0.020057,0.463121,1E-05,0.518637,0.018233,0.358745,0.415287,0.016872,0.209087,1E-05,0.443317,0.314051,0.226424,0.016188,1E-05,1E-05,0.015853,0.069442,1E-05,0.352106,0.273818,1E-05,0.288762
HID002_A0101,Germany EMA,0.033234,0.948482,0.018284,0.47633,0.003874,0.503793,0.016003,0.337557,0.399839,0.014042,0.248552,1E-05,0.423997,0.299932,0.262453,0.013599,1E-05,1E-05,0.012863,0.110645,1E-05,0.337356,0.271724,1E-05,0.267392
HID001_A0101,Germany EMA,0.03644,0.950573,0.012987,0.468552,0.004667,0.515103,0.011678,0.332407,0.40668,0.009905,0.250998,1E-05,0.430126,0.293313,0.266977,0.009564,1E-05,1E-05,0.009372,0.098028,1E-05,0.339644,0.285719,1E-05,0.267217
HID001_B0101,Germany EMA,0.033787,0.953289,0.012924,0.470629,1E-05,0.518289,0.011072,0.329363,0.407323,0.009127,0.254177,1E-05,0.429925,0.291388,0.270038,0.008628,1E-05,1E-05,0.00837,0.107591,1E-05,0.341395,0.280272,1E-05,0.262352
HID002_B0101,Germany EMA,0.035122,0.918658,0.04622,0.439268,0.002725,0.514022,0.043985,0.316986,0.410269,0.041475,0.231261,1E-05,0.436583,0.276319,0.246508,0.04057,1E-05,1E-05,0.039654,0.076326,1E-05,0.341065,0.28772,1E-05,0.255215
ISS001,Germany EMA,0.023205,0.895334,0.081462,0.359666,1E-05,0.561909,0.078415,0.311833,0.461649,0.078011,0.148497,1E-05,0.4977,0.250828,0.174787,0.076665,1E-05,1E-05,0.069839,1E-05,1E-05,0.319149,0.365529,1E-05,0.245452
ISS002,Germany EMA,0.024057,0.957132,0.01881,0.448615,1E-05,0.534002,0.017372,0.326971,0.424868,0.015775,0.232376,1E-05,0.447961,0.284424,0.252282,0.015313,1E-05,1E-05,0.015503,0.008217,1E-05,0.329109,0.354315,1E-05,0.292835
LBU006,Germany EMA,0.027916,0.923205,0.04888,0.422725,0.00384,0.527697,0.045738,0.30347,0.4233,0.043322,0.229897,1E-05,0.450231,0.26059,0.246779,0.04238,1E-05,1E-05,0.042501,1E-05,1E-05,0.331806,0.352327,1E-05,0.273336
LBU010,Germany EMA,0.059864,0.881132,0.059004,0.441372,0.029322,0.47337,0.055936,0.365703,0.388892,0.056198,0.165092,0.024115,0.417865,0.317904,0.184246,0.054533,1E-05,0.025442,0.048779,1E-05,1E-05,0.256138,0.363766,0.01554,0.315758
SRS001,Germany EMA,0.023072,0.902937,0.073991,0.368297,1E-05,0.560233,0.07146,0.312222,0.45871,0.071653,0.157406,1E-05,0.493225,0.254889,0.181593,0.070273,1E-05,1E-05,0.064829,1E-05,1E-05,0.332827,0.351898,1E-05,0.250415
SRS002,Germany EMA,0.010062,0.926381,0.063558,0.398756,1E-05,0.539573,0.061661,0.345539,0.445063,0.061806,0.147583,1E-05,0.487239,0.284216,0.167505,0.061021,1E-05,1E-05,0.05626,1E-05,1E-05,0.328544,0.341468,1E-05,0.273698
SRS003,Germany EMA,0.027296,0.88782,0.084884,0.415479,0.003162,0.500186,0.081174,0.334948,0.406136,0.080919,0.177987,1E-05,0.437293,0.286272,0.195532,0.079122,1E-05,0.001771,0.075418,1E-05,1E-05,0.299077,0.339027,1E-05,0.286448
SRS004,Germany EMA,0.036748,0.887911,0.075342,0.385682,0.004908,0.536967,0.072444,0.327393,0.438905,0.072432,0.160467,0.000803,0.472287,0.27234,0.180075,0.070623,1E-05,0.004665,0.067766,1E-05,1E-05,0.340364,0.323942,0.000878,0.26703
ZET001,Germany EMA,0.032973,0.909637,0.057391,0.437182,0.002108,0.505038,0.055672,0.360955,0.40957,0.055293,0.174172,1E-05,0.437146,0.312719,0.189746,0.053902,0.006476,1E-05,0.049906,1E-05,1E-05,0.277574,0.363098,1E-05,0.309392
SWG012,Germany EMA,0.041872,0.958118,1E-05,0.569906,0.01745,0.412634,1E-05,0.385944,0.319885,1E-05,0.294151,1E-05,0.332675,0.36449,0.295325,1E-05,0.007491,1E-05,1E-05,0.218537,0.006181,0.272955,0.207465,1E-05,0.294843
SWG002,Germany EMA,0.039381,0.960609,1E-05,0.535782,0.010934,0.453274,1E-05,0.363257,0.355104,1E-05,0.281619,1E-05,0.370556,0.33681,0.287603,1E-05,0.00501,1E-05,1E-05,0.263887,0.005072,0.319996,0.16458,1E-05,0.246446
SWG011,Germany EMA,0.02984,0.966189,0.003971,0.548523,0.007236,0.440511,0.003729,0.376234,0.342717,0.002529,0.27851,1E-05,0.360274,0.349375,0.284074,0.00239,0.003876,1E-05,0.002156,0.152907,0.000469,0.288254,0.250812,1E-05,0.305392
SWG010,Germany EMA,0.047996,0.951994,1E-05,0.502363,0.016749,0.480878,1E-05,0.343502,0.378871,1E-05,0.277606,1E-05,0.397018,0.312411,0.286801,1E-05,0.00375,1E-05,1.5E-05,0.184767,0.002844,0.325597,0.230377,1E-05,0.25639
SWG006,Germany EMA,0.038184,0.957682,0.004134,0.57848,0.016334,0.40136,0.003826,0.385499,0.309235,0.002776,0.30248,1E-05,0.324307,0.366576,0.303447,0.002746,0.002914,1E-05,0.002435,0.250618,0.002196,0.270311,0.187915,1E-05,0.286515
SWG014,Germany EMA,0.040255,0.957309,0.002435,0.474057,0.004239,0.521694,1E-05,0.37811,0.421425,1E-05,0.200444,1E-05,0.450512,0.330369,0.216658,1E-05,0.00244,1E-05,1E-05,0.071941,0.000808,0.37941,0.255321,1E-05,0.292501
SWG015,Germany EMA,0.026077,0.971894,0.002029,0.576899,0.003399,0.417553,0.002149,0.427071,0.326506,0.000858,0.245555,1E-05,0.35112,0.396389,0.251722,0.000749,1E-05,1E-05,1E-05,0.176562,1E-05,0.290392,0.202175,1E-05,0.33084
SWG007,Germany EMA,0.042566,0.957424,1E-05,0.560312,0.016994,0.422684,1E-05,0.377353,0.326937,2E-05,0.29568,1E-05,0.346305,0.353713,0.299951,1E-05,1E-05,1E-05,1E-05,0.209324,1E-05,0.282336,0.219163,1E-05,0.289147
SWG001,Germany EMA,0.026641,0.973349,1E-05,0.531995,1E-05,0.467985,1E-05,0.371856,0.364301,1E-05,0.263822,1E-05,0.386046,0.339585,0.274339,1E-05,1E-05,1E-05,1E-05,0.200217,1E-05,0.325585,0.203363,1E-05,0.270805
SWG003,Germany EMA,0.036657,0.963333,1E-05,0.519818,0.006724,0.473448,1E-05,0.345494,0.36485,1E-05,0.289635,1E-05,0.385703,0.316335,0.297932,1E-05,1E-05,1E-05,1E-05,0.198753,1E-05,0.316164,0.228675,1E-05,0.256378
SWG008,Germany EMA,0.03284,0.96715,1E-05,0.512177,0.001811,0.486002,1E-05,0.346169,0.377136,1E-05,0.276675,1E-05,0.397725,0.314891,0.287354,1E-05,1E-05,1E-05,1E-05,0.202008,1E-05,0.332066,0.217024,1E-05,0.248872
SWG005,Germany EMA,0.043789,0.956201,1E-05,0.517366,0.013362,0.469262,1E-05,0.341563,0.365052,1E-05,0.293366,1E-05,0.385152,0.313636,0.301182,1E-05,1E-05,1E-05,1E-05,0.188965,1E-05,0.311798,0.239951,1E-05,0.259257
SWG004,Germany EMA,0.044013,0.955977,1E-05,0.481063,0.012938,0.50599,1E-05,0.330864,0.399519,1E-05,0.269597,1E-05,0.421439,0.295443,0.283016,1E-05,1E-05,8.3E-05,1E-05,0.159298,1E-05,0.345748,0.247911,1E-05,0.247013
SWG013,Germany EMA,0.031881,0.968109,1E-05,0.489829,0.003609,0.506552,1E-05,0.328698,0.39796,1.4E-05,0.273318,1E-05,0.416465,0.295088,0.288417,1E-05,1E-05,1E-05,1E-05,0.191492,1E-05,0.343988,0.228661,1E-05,0.235829
SWG009,Germany EMA,0.051285,0.948705,1E-05,0.454325,0.012155,0.53351,1E-05,0.304503,0.420671,1E-05,0.274806,1E-05,0.441856,0.267872,0.290242,1E-05,1E-05,1E-05,1E-05,0.177797,1E-05,0.364829,0.242192,1E-05,0.215152
IND002,Germany EMA,0.038313,0.93984,0.021847,0.518415,0.013411,0.448416,0.019759,0.380106,0.355892,0.01896,0.243456,0.001586,0.375339,0.347996,0.250544,0.018007,0.008104,1E-05,0.017722,0.098685,0.006522,0.292402,0.266309,1E-05,0.318351
IND005,Germany EMA,0.031041,0.926874,0.042085,0.552729,0.009725,0.398382,0.039163,0.422495,0.317658,0.038395,0.221442,1E-05,0.341579,0.391851,0.223607,0.037491,0.005461,1E-05,0.037224,0.063472,0.002981,0.25848,0.269442,1E-05,0.368391
IND010,Germany EMA,0.07127,0.889367,0.039363,0.521569,0.048323,0.393767,0.036342,0.342355,0.30526,0.033974,0.293226,0.025185,0.321068,0.322289,0.294052,0.033351,0.004555,0.024686,0.031526,0.071642,0.002966,0.22016,0.328424,0.02475,0.320533
IND004,Germany EMA,0.027579,0.929769,0.042652,0.529191,0.008913,0.422514,0.039382,0.415653,0.339891,0.038747,0.203693,0.002015,0.370111,0.377238,0.210976,0.037999,0.002482,0.001193,0.037067,1E-05,1E-05,0.264559,0.317057,0.003879,0.377419
IND014,Germany EMA,0.038535,0.923637,0.037828,0.57681,0.021271,0.367874,0.034045,0.414938,0.288193,0.032812,0.258687,0.005371,0.309965,0.391733,0.258055,0.032143,0.001238,0.006865,0.031395,0.091387,1E-05,0.224389,0.277287,0.006326,0.369205
IND009,Germany EMA,0.023135,0.928692,0.048173,0.783749,0.029749,0.146262,0.04024,0.514008,0.093607,0.037887,0.353369,0.00113,0.108227,0.526343,0.321823,0.038071,1E-05,0.005526,0.035846,0.273458,1E-05,0.065026,0.178058,0.002045,0.445557
IND011,Germany EMA,0.005458,0.966911,0.02763,0.561972,1E-05,0.414669,0.023349,0.523914,0.347216,0.02584,0.10302,1E-05,0.391163,0.469399,0.114798,0.02462,1E-05,1E-05,0.023042,1E-05,1E-05,0.302656,0.235455,1E-05,0.438818
IND012,Germany EMA,0.012525,0.957486,0.029989,0.63189,1E-05,0.34161,0.02649,0.476029,0.2653,0.024767,0.233894,1E-05,0.293399,0.451021,0.231222,0.024338,1E-05,1E-05,0.023333,0.090844,1E-05,0.221093,0.248482,1E-05,0.416229
IND006,Germany EMA,0.016042,0.926666,0.057292,0.592128,0.001363,0.353112,0.053396,0.478497,0.280528,0.052748,0.188217,1E-05,0.314895,0.444888,0.188137,0.052003,1E-05,6.7E-05,0.051349,0.015138,1E-05,0.229755,0.272804,0.000216,0.430728
IND015,Germany EMA,0.029615,0.944007,0.026377,0.638898,0.018734,0.318925,0.023443,0.46018,0.247047,0.02245,0.270314,1E-05,0.267215,0.442193,0.264069,0.021955,1E-05,0.004559,0.022902,1E-05,1E-05,0.159624,0.355714,0.005576,0.456164
IND003,Germany EMA,0.029297,0.912228,0.058475,0.568537,0.012842,0.36406,0.054561,0.416651,0.286068,0.053159,0.240957,0.003164,0.311186,0.391214,0.240271,0.052131,1E-05,0.005188,0.050565,0.069806,1E-05,0.226245,0.277493,0.004245,0.371637
IND007,Germany EMA,0.017059,0.959095,0.023847,0.525955,1E-05,0.453735,0.0203,0.399741,0.36054,0.01897,0.220739,1E-05,0.386837,0.363176,0.231702,0.018265,1E-05,1E-05,0.017744,0.066126,1E-05,0.298858,0.276355,1E-05,0.340897
IND017,Germany EMA,0.031047,0.922485,0.046468,0.528341,0.00888,0.420264,0.042516,0.392478,0.333128,0.041329,0.233054,1E-05,0.35863,0.361776,0.238169,0.040606,1E-05,0.000808,0.039722,0.089065,1E-05,0.276323,0.262914,1E-05,0.331956
IND008,Germany EMA,0.03795,0.93536,0.02669,0.492616,0.012674,0.470689,0.02402,0.371888,0.377949,0.023208,0.225025,0.001929,0.40715,0.331898,0.231767,0.022107,1E-05,0.007069,0.02138,0.07047,1E-05,0.320477,0.274243,0.006294,0.307127
IND013,Germany EMA,0.027118,0.951945,0.020937,0.480778,1E-05,0.500617,0.018595,0.343868,0.394088,0.016421,0.245612,1E-05,0.417579,0.30688,0.259659,0.015862,1E-05,1E-05,0.015384,0.099418,1E-05,0.331138,0.275359,1E-05,0.278682
IND001,Germany EMA,0.033328,0.93235,0.034322,0.466587,0.007839,0.493876,0.031698,0.348507,0.395509,0.030469,0.225505,1E-05,0.423779,0.306596,0.238214,0.029645,1E-05,0.001755,0.029058,1E-05,1E-05,0.295367,0.359371,0.000514,0.315671
IND016,Germany EMA,0.024925,0.933086,0.041989,0.45331,1E-05,0.508019,0.03866,0.32853,0.402358,0.036116,0.232986,1E-05,0.427406,0.287777,0.24951,0.035287,1E-05,1E-05,0.034076,1E-05,1E-05,0.303668,0.36477,1E-05,0.297456
AED106.SG,Germany EMA,0.052538,0.916868,0.030593,0.431959,0.019977,0.518442,0.029622,0.296463,0.411658,0.028122,0.262729,0.001028,0.432683,0.25936,0.272292,0.027189,0.008466,1E-05,0.02639,0.244727,0.007397,0.384984,0.165095,1E-05,0.171398
AED1108.SG,Germany EMA,0.248827,0.721961,0.029211,0.50447,0.23344,0.236227,0.025863,0.330677,0.180298,0.024411,0.259805,0.204809,0.198595,0.318946,0.25138,0.023263,0.004153,0.203662,0.02119,0.229356,0.004809,0.155936,0.143628,0.195815,0.249266
AED432b.SG,Germany EMA,0.031298,0.955525,0.013177,0.496386,0.001803,0.489562,0.012249,0.332742,0.382319,0.00968,0.27525,1E-05,0.403554,0.300042,0.285082,0.009604,0.001708,1E-05,0.008436,0.208227,0.001718,0.333386,0.21358,1E-05,0.234642
AED513.SG,Germany EMA,0.03982,0.927427,0.032753,0.589951,0.023438,0.35671,0.0299,0.423105,0.278824,0.028834,0.259579,0.009659,0.302138,0.402254,0.25395,0.028331,1E-05,0.013317,0.027076,0.258137,1E-05,0.264048,0.138058,0.009828,0.302843
AED125b.SG,Germany EMA,0.046797,0.946299,0.006904,0.579131,0.030036,0.385513,0.00532,0.392408,0.295073,0.005822,0.292354,0.014343,0.311757,0.375687,0.288624,0.00441,1E-05,0.019512,0.003666,0.227045,1E-05,0.241001,0.211735,0.016948,0.299595
AED1135b.SG,Germany EMA,0.033076,0.928568,0.038357,0.538569,0.010401,0.415441,0.035589,0.374516,0.326053,0.033697,0.265723,1E-05,0.348935,0.347979,0.27001,0.033057,1E-05,1E-05,0.031414,0.241948,1E-05,0.298188,0.16726,1E-05,0.26117
AED249.SG,Germany EMA,0.016686,0.954413,0.0289,0.464732,1E-05,0.511016,0.024241,0.337429,0.408573,0.022773,0.231215,1E-05,0.436569,0.297393,0.243991,0.022027,1E-05,1E-05,0.021411,0.223183,1E-05,0.387762,0.158693,1E-05,0.20893
AED204.SG,Germany EMA,0.042287,0.931558,0.026155,0.434137,0.011824,0.530342,0.023697,0.324872,0.428105,0.022892,0.22412,1E-05,0.455499,0.282142,0.235245,0.0216,1E-05,0.005504,0.021666,0.174557,1E-05,0.393959,0.189451,0.004698,0.21566
AED1119.SG,Germany EMA,0.043938,0.945646,0.010416,0.458089,0.016307,0.519818,0.005785,0.315008,0.413805,0.003815,0.262561,0.004811,0.436652,0.27956,0.272016,0.002889,1E-05,0.008873,0.002377,0.206558,1E-05,0.373952,0.200137,0.006717,0.21025
AED92b.SG,Germany EMA,0.030931,0.934568,0.0345,0.46789,0.002426,0.498772,0.030912,0.294467,0.388165,0.026822,0.290536,1E-05,0.408711,0.265782,0.298948,0.026539,1E-05,1E-05,0.024125,0.251958,1E-05,0.345949,0.194058,1E-05,0.183889
AEHIb.SG,Germany EMA,0.024097,0.937185,0.038719,0.758071,0.023418,0.185304,0.033207,0.556505,0.135251,0.032071,0.269183,0.00699,0.156762,0.552329,0.249608,0.031923,1E-05,0.009368,0.029797,0.294763,1E-05,0.140641,0.095991,0.005834,0.432964
Alh3a.SG,Germany EMA,0.072746,0.912385,0.014869,0.496574,0.044729,0.445275,0.013423,0.329747,0.35158,0.01174,0.283582,0.023351,0.368043,0.303407,0.288677,0.011115,0.008111,0.020648,0.009667,0.277966,0.010839,0.320338,0.154012,0.016081,0.211096
Alh10.SG,Germany EMA,0.040505,0.937702,0.021793,0.492679,0.011115,0.477024,0.019181,0.350229,0.378218,0.01759,0.253952,1E-05,0.399182,0.317978,0.260495,0.016864,0.005471,1E-05,0.015952,0.241411,0.005416,0.350885,0.159907,1E-05,0.226419
Alh1.SG,Germany EMA,0.037605,0.934816,0.027578,0.474405,0.009957,0.49065,0.024988,0.326108,0.390232,0.023001,0.260649,1E-05,0.411817,0.293387,0.269909,0.022529,0.002348,1E-05,0.021348,0.258712,0.00073,0.365137,0.154955,1E-05,0.199108
Alh2.SG,Germany EMA,0.048527,0.932025,0.019448,0.527552,0.021488,0.43353,0.01743,0.377053,0.344942,0.016863,0.255678,0.005464,0.36763,0.348016,0.259464,0.016178,1E-05,0.008701,0.01547,0.253897,1E-05,0.325026,0.144207,0.006976,0.254414
BIM33.SG,Germany EMA,0.024665,0.957126,0.018209,0.531659,1E-05,0.452687,0.015644,0.395008,0.355367,0.013871,0.235744,1E-05,0.387405,0.360272,0.238952,0.01335,1E-05,1E-05,0.011576,0.24307,1E-05,0.340378,0.144216,1E-05,0.260741
BIM37b.SG,Germany EMA,0.031145,0.929101,0.039753,0.456772,0.004583,0.501722,0.036922,0.341857,0.402721,0.035448,0.219963,1E-05,0.430814,0.301442,0.232661,0.035062,1E-05,1E-05,0.034454,0.190345,1E-05,0.375575,0.173029,1E-05,0.226578
NW255a.SG,Germany EMA,0.035089,0.9268,0.038111,0.456877,0.012978,0.495087,0.035059,0.319502,0.396737,0.03305,0.248243,0.002468,0.419746,0.284397,0.257596,0.032028,1E-05,0.006223,0.031086,0.209272,1E-05,0.359909,0.185645,0.004224,0.209852
NW54.SG,Germany EMA,0.035505,0.922987,0.041508,0.651192,0.024391,0.286733,0.037684,0.474464,0.220532,0.036771,0.264585,0.003648,0.241131,0.4613,0.253709,0.036157,0.00339,0.004313,0.034081,0.233861,0.004784,0.197179,0.154613,1E-05,0.375471
STR360c.SG,Germany EMA,0.057285,0.921832,0.020883,0.433922,0.018576,0.529341,0.018161,0.299663,0.423029,0.016943,0.260355,1E-05,0.419741,0.266652,0.258771,0.014252,0.040573,1E-05,0.012754,0.23989,0.042281,0.366034,0.158092,1E-05,0.180938
STR502b.SG,Germany EMA,0.055861,0.864308,0.079831,0.750791,0.065344,0.113401,0.070464,0.473447,0.071736,0.06656,0.358686,0.029571,0.0779,0.495788,0.322285,0.067308,0.029478,0.007242,0.063655,0.341733,0.028901,0.045177,0.129605,0.003012,0.387917
STR316b.SG,Germany EMA,0.040991,0.928904,0.030105,0.486292,0.013362,0.47369,0.026656,0.369098,0.380492,0.025666,0.2246,0.000144,0.398439,0.334171,0.228111,0.024202,0.015067,1E-05,0.023145,0.189721,0.01593,0.345875,0.169565,1E-05,0.255754
STR393b.SG,Germany EMA,0.032628,0.927279,0.040093,0.512745,0.012426,0.437701,0.037128,0.373865,0.352609,0.036056,0.234085,0.003385,0.370403,0.34438,0.237137,0.035409,0.012661,1E-05,0.034118,0.207983,0.013821,0.326425,0.155449,1E-05,0.262193
STR328c.SG,Germany EMA,0.168891,0.803178,0.02793,0.481703,0.14443,0.348986,0.024881,0.318462,0.271189,0.023171,0.26891,0.118267,0.28549,0.300019,0.268846,0.022255,0.012136,0.111254,0.021268,0.215176,0.013513,0.229186,0.178538,0.104816,0.237503
STR248b.SG,Germany EMA,0.079589,0.884705,0.035706,0.471875,0.049817,0.445695,0.032614,0.323255,0.358091,0.031306,0.257443,0.029904,0.375365,0.296024,0.261882,0.030725,0.011262,0.024741,0.030109,0.249644,0.014191,0.327686,0.151244,0.019548,0.207578
STR300b.SG,Germany EMA,0.025028,0.948834,0.026138,0.806262,0.029327,0.142618,0.021793,0.552782,0.096008,0.020467,0.326425,0.004317,0.107028,0.565617,0.297802,0.020636,0.008908,1E-05,0.017677,0.319469,0.006614,0.071683,0.126179,1E-05,0.458369
STR220c.SG,Germany EMA,0.036687,0.930339,0.032974,0.492013,0.006809,0.470818,0.03036,0.327438,0.369555,0.027546,0.275451,1E-05,0.389306,0.299015,0.281816,0.02699,0.002863,1E-05,0.026099,0.262013,0.001998,0.3423,0.16149,1E-05,0.206091
STR535.SG,Germany EMA,0.048759,0.906816,0.044425,0.626427,0.036502,0.296888,0.040183,0.409914,0.226005,0.038277,0.316318,0.009486,0.238763,0.404062,0.306179,0.037885,0.001889,0.011223,0.036111,0.312717,0.002078,0.197538,0.143644,0.006377,0.301534
STR241.SG,Germany EMA,0.03611,0.942113,0.021777,0.487807,0.010889,0.483805,0.017499,0.378684,0.386338,0.017118,0.21785,1E-05,0.414774,0.337694,0.228795,0.016564,0.000611,0.001562,0.014514,0.154556,0.002286,0.356862,0.199507,1E-05,0.272265
STR310.SG,Germany EMA,0.039873,0.921462,0.038665,0.633724,0.027833,0.303953,0.03449,0.415676,0.229072,0.031667,0.317781,0.005805,0.244771,0.40939,0.30629,0.031321,1E-05,0.008219,0.029616,0.302308,1E-05,0.204538,0.148476,0.005445,0.309607
STR228.SG,Germany EMA,0.035985,0.928244,0.035771,0.566962,0.015247,0.384686,0.033105,0.352117,0.295417,0.029546,0.32291,1E-05,0.314021,0.338921,0.317566,0.029472,1E-05,1E-05,0.027767,0.313071,1E-05,0.267119,0.15589,1E-05,0.236132
STR480.SG,Germany EMA,0.040413,0.937744,0.021843,0.505531,0.013911,0.462736,0.017822,0.352288,0.366747,0.015936,0.264451,0.000579,0.390529,0.321033,0.270213,0.014586,1E-05,0.003629,0.013662,0.268812,1E-05,0.348481,0.14469,0.000585,0.223759
STR491.SG,Germany EMA,0.037379,0.929882,0.032739,0.47428,0.008787,0.488266,0.028667,0.353038,0.396059,0.02806,0.222833,1E-05,0.422421,0.314452,0.235838,0.026738,1E-05,0.000542,0.025735,0.09389,0.000989,0.346531,0.253114,1E-05,0.279731
STR486.SG,Germany EMA,0.041314,0.925809,0.032878,0.495299,0.015039,0.459516,0.030146,0.324642,0.362746,0.028082,0.28452,1E-05,0.382154,0.298651,0.289698,0.027726,1E-05,0.00176,0.026659,0.251711,1E-05,0.326535,0.181334,1E-05,0.213741
STR355c.SG,Germany EMA,0.043444,0.934694,0.021862,0.496172,0.01413,0.470928,0.01877,0.320803,0.367979,0.016512,0.294697,1E-05,0.38612,0.294879,0.302881,0.0161,1E-05,1E-05,0.014843,0.263529,1E-05,0.330812,0.179726,1E-05,0.21107
STR266b.SG,Germany EMA,0.020129,0.954764,0.025106,0.498118,1E-05,0.478551,0.023321,0.325925,0.367661,0.019238,0.287166,1E-05,0.390636,0.294012,0.296738,0.018594,1E-05,1E-05,0.016751,0.249435,1E-05,0.333752,0.189679,1E-05,0.210364
NIEcap12a,Germany EMA,0.303265,0.691914,0.004821,0.358769,0.268499,0.369235,0.003496,0.240636,0.297391,0.001565,0.213646,0.246763,0.314532,0.212147,0.219778,0.001876,0.016365,0.235301,0.000153,0.173231,0.017573,0.255822,0.161565,0.226835,0.164821
NIEcap3c,Germany EMA,0.027924,0.958957,0.013119,0.699336,0.022073,0.268742,0.009848,0.511433,0.205304,0.009314,0.269594,0.004354,0.225167,0.499327,0.256669,0.009515,0.009311,1E-05,0.008636,0.140083,0.007885,0.161787,0.229748,1E-05,0.45185
NIEcap12c,Germany EMA,0.037719,0.962271,1E-05,0.487688,0.002725,0.509577,1E-05,0.342381,0.402163,1.8E-05,0.255428,1E-05,0.421023,0.306324,0.268279,1E-05,0.004354,1E-05,1E-05,0.101974,0.003052,0.334278,0.280734,1E-05,0.279942
NIEcap1,Germany EMA,0.036032,0.963958,1E-05,0.519567,0.007972,0.47245,1E-05,0.360224,0.372473,1E-05,0.267284,1E-05,0.393173,0.328441,0.276887,1E-05,0.001479,1E-05,1E-05,0.156982,0.000796,0.31872,0.243317,1E-05,0.280165
NIEcap3b,Germany EMA,0.031625,0.960419,0.007956,0.690352,0.023357,0.280837,0.005454,0.463705,0.208445,0.003901,0.323939,1E-05,0.22496,0.456747,0.312765,0.003997,1E-05,0.001522,0.003459,0.136253,1E-05,0.142748,0.288806,1E-05,0.428713
NIEcap6,Germany EMA,0.036509,0.963481,1E-05,0.516848,0.001047,0.482095,1E-05,0.34658,0.370906,1.1E-05,0.282494,1E-05,0.392923,0.315736,0.291311,1E-05,1E-05,1E-05,1E-05,0.125723,1E-05,0.306473,0.281744,1E-05,0.28603
NIEcap3a,Germany EMA,0.027868,0.972122,1E-05,0.508207,0.00093,0.490853,1E-05,0.349993,0.382341,1E-05,0.267646,1E-05,0.402918,0.315547,0.281505,1E-05,1E-05,1E-05,1E-05,0.106962,1E-05,0.317974,0.286191,1E-05,0.288844
NIEcap9,Germany EMA,0.036435,0.963555,1E-05,0.500045,0.001027,0.498918,1E-05,0.324928,0.388776,1E-05,0.286276,1E-05,0.408088,0.294728,0.297153,1E-05,1E-05,1E-05,1E-05,0.200009,1E-05,0.339283,0.226215,1E-05,0.234463
NIEcap12b,Germany EMA,0.00339,0.9966,1E-05,0.495752,1E-05,0.504228,1E-05,0.324556,0.391447,1E-05,0.283978,1E-05,0.408597,0.293675,0.297699,1E-05,1E-05,1E-05,1E-05,0.211432,1E-05,0.33607,0.221452,1E-05,0.231016
I12030_published,Spain_Visigoth,1E-05,0.969514,0.030476,0.692345,1E-05,0.280634,0.027011,0.581535,0.224339,0.028187,0.165929,1E-05,0.263468,0.550364,0.15803,0.028118,1E-05,1E-05,0.027333,0.02337,1E-05,0.1859,0.2356,1E-05,0.527777
I12031,Spain_Visigoth,0.050796,0.949194,1E-05,0.608681,0.031599,0.359711,1E-05,0.431958,0.279276,1E-05,0.279143,0.009613,0.298979,0.411968,0.276859,1E-05,1E-05,0.012174,1E-05,0.085118,1E-05,0.209258,0.299574,0.010986,0.395044
I12032_published,Spain_Visigoth,0.031392,0.966965,0.001644,0.583982,0.010431,0.405577,1E-05,0.458162,0.325103,1E-05,0.216715,1E-05,0.349899,0.42409,0.219343,1E-05,0.006648,1E-05,0.000122,0.013075,0.005141,0.258275,0.309044,1E-05,0.414334
I12033_published,Spain_Visigoth,0.052008,0.947982,1E-05,0.537675,0.02274,0.439575,1E-05,0.452486,0.365561,1E-05,0.162033,0.019909,0.397176,0.406183,0.174238,1E-05,1E-05,0.022383,1E-05,1E-05,1E-05,0.277272,0.320978,0.010572,0.391148
I12034,Spain_Visigoth,0.023018,0.976972,1E-05,0.651098,0.007971,0.340921,1E-05,0.51757,0.272148,1E-05,0.210263,1E-05,0.302578,0.487833,0.209458,1E-05,0.000111,1E-05,1E-05,0.100579,1E-05,0.240969,0.219339,1E-05,0.439083
I12163,Spain_Visigoth,0.035394,0.964596,1E-05,0.594056,0.016196,0.389738,1E-05,0.421848,0.304078,1E-05,0.271982,0.002081,0.326419,0.397917,0.27206,1E-05,0.001125,0.002469,1E-05,0.092228,0.002288,0.238815,0.291777,0.000893,0.373989
I12164_published,Spain_Visigoth,0.014701,0.982325,0.002974,0.572686,1E-05,0.422319,0.004985,0.444423,0.342397,0.003719,0.209451,1E-05,0.370931,0.404798,0.218041,0.000881,0.00534,1E-05,0.002397,0.077779,0.003158,0.295105,0.252748,1E-05,0.368802
I12162,Spain_Visigoth,0.04325,0.955053,0.001697,0.549928,0.018396,0.430648,0.001028,0.408312,0.341643,0.000415,0.247853,0.001777,0.366375,0.375496,0.25154,0.000246,0.006333,1E-05,1E-05,0.057894,0.0047,0.279339,0.298822,1E-05,0.359226
