1H07,"73G,185A,228A,263G,295T,462T,489C,750G,1438G,2706G,3010A,4216C,4769G,5198G,7028T,8860G,10398G,11251G,11719A,12612G,13708A,14766T,14798C,15326G,15452A,16069T,16126C",,,,,,,,,,
1H13,"73G,263G,497T,750G,1189C,1438G,1811G,2706G,3480G,4769G,7028T,8860G,9055A,9698C,10398G,10550G,11299C,11467G,11485C,11719A,11840T,12308G,12372A,13740C,14167T,14766T,14798C,15326G,16224C,16311C",,,,,,,
2H07,"73G,263G,497T,750G,1189C,1438G,1811G,2706G,3480G,4769G,6260A,7028T,8860G,9055A,9698C,10398G,10550G,11299C,11467G,11485C,11719A,11840T,12308G,12372A,13404C,13740C,14167T,14766T,14798C,15326G,16224C,16311C",,,,,
2H10,"263G,750G,1438G,4769G,6776C,8860G,15326G",,,,,,,,,,,,,,,,,,,,,,,,,,,,,,
2H11,"73G,185A,228A,263G,295T,462T,482C,489C,750G,1438G,2706G,3010A,3394C,4216C,4769G,7028T,8860G,10398G,11251G,11719A,12612G,13708A,14766T,14798C,15326G,15452A,16069T,16126C",,,,,,,,,
2H17,"73G,150T,263G,750G,1438G,2706G,3105G,3197C,4769G,5656G,6674C,7028T,7768G,8860G,9477A,11467G,11719A,12308G,12372A,13617C,14182C,14766T,15326G,15777A,16167T,16192T,16270T,16311C",,,,,,,,,
2HC51961131,"73G,153G,195C,225A,263G,750G,1438G,1719A,2706G,4769G,6221C,6371T,7028T,8393T,8860G,11719A,12705T,13708A,13966G,14470C,14766T,15326G,15927A,16189C,16223T,16278T",,,,,,,,,,,
ANN1,"73G,195C,263G,497T,750G,1189C,1438G,1811G,2706G,3480G,4769G,7028T,8860G,9055A,9698C,10398G,10550G,11299C,11467G,11719A,12308G,12372A,14167T,14766T,14798C,15326G,16093C,16224C,16311C",,,,,,,,
ANN2,"263G,750G,1438G,3992T,4024G,4769G,5004C,8269A,8860G,9123A,10044G,14365T,14582G,15326G",,,,,,,,,,,,,,,,,,,,,,,
ARD2,"73G,150T,152C,263G,295T,489C,750G,1438G,2706G,4216C,4769G,5633T,7028T,7476T,8860G,10172A,10398G,11251G,11719A,12612G,13708A,14766T,15257A,15326G,15452A,15812A,16069T,16126C,16193T,16278T",,,,,,,
ASH1,"73G,146C,152C!,263G,709A!,750G,1438G,1811G,2706G,3480G,4561C,4769G,5081C,5130C,7028T,8860G,9055A,9698C,9716C,10550G,11299C,11467G,11719A,12308G,12372A,14167T,14766T,14798C,15326G,16224C,16311C",,,,,,
ASH3,"73G,146C,263G,279C,709A,750G,1438G,1888A,2706G,4216C,4769G,4917G,5187T,6261A,7028T,7873T,8697A,8860G,10463C,10822T,11251G,11719A,11812G,11914A,13368A,14233G,14766T,14905A,15326G,15452A,15607G,15928A,16126C,16292T,16294T",,
Ajvide58,"73G,263G,499A,750G,1438G,1811G,2706G,4646C,4769G,5999C,6047G,7028T,8860G,11332T,11467G,11719A,12308G,12372A,14620T,14766T,15326G,15693C,16356C",,,,,,,,,,,,,,
BERG157-7,"73G,150T,263G,750G,1438G,2706G,3197C,4769G,5656G,7028T,7768G,8860G,9477A,11467G,11719A,12308G,12372A,13617C,14182C,14766T,15191C,15326G,16189C,16192T,16270T,16311C",,,,,,,,,,,
BG72,"73G,263G,497T,750G,1189C,1438G,1811G,2706G,3480G,4769G,6260A,7028T,8860G,9055A,9698C,10398G,10550G,11299C,11467G,11485C,11719A,11840T,12308G,12372A,13740C,14167T,14766T,14798C,15326G,16224C,16311C",,,,,,
BUCH2,"73G,150T,263G,750G,1438G,2706G,3197C,4769G,5656G,7028T,7768G,8860G,9477A,11467G,11719A,12308G,12372A,13617C,14182C,14766T,15326G,16189C,16192T!,16270T",,,,,,,,,,,,,
Bar31,"73G,143A,153G!,195C,225A,226C,263G,750G,1438G,1719A,2706G,4769G,6221C,6371T,8860G,11719A,12705T,13966G,14470C,14766T,15326G,16189C,16223T,16278T",,,,,,,,,,,,,
Bon001,"73G,150T,263G,750G,1438G,1811G,2706G,4769G,7028T,8860G,11467G,11719A,12308G,12372A,14139G,14766T,15326G,15454C,16343G",,,,,,,,,,,,,,,,,,
Bon004,"73G,199C,204C,263G,669C,750G,1438G,1719A,2702A,2706G,3336C,4769G,5315G,7028T,8860G,8901G,10238C,10398G,11719A,12501A,12705T,13780G,14766T,15043A,15326G,16172C,16223T,16248T,16355T",,,,,,,,
BurnGround,"73G,150T,263G,750G,1438G,1721T,2706G,3197C,7028T,7768G,9477A,11467G,11719A,12308G,12372A,13617C,13637G,14182C,14766T,15326G,16189C,16192T,16270T",,,,,,,,,,,,,,
CAK531,"263G,750G,1438G,3010A,4769G,8860G,15326G",,,,,,,,,,,,,,,,,,,,,,,,,,,,,,
CAK532,"73G,185A,228A,263G,295T,462T,489C,750G,1438G,2706G,3010A,4216C,4769G,7028T,8860G,10398G,11251G,11719A,12612G,13708A,13934T,14766T,14798C,15326G,15452A,16069T,16126C",,,,,,,,,,
CAK68,"263G,750G,1438G,4769G,8860G,15326G",,,,,,,,,,,,,,,,,,,,,,,,,,,,,,,
CH448,"263G,750G,1438G,3010A,4769G,8860G,15326G",,,,,,,,,,,,,,,,,,,,,,,,,,,,,,
CHA001,"72C,195C,263G,750G,1438G,2706G,4769G,7028T,8860G,15326G,16298C",,,,,,,,,,,,,,,,,,,,,,,,,,
CHA003,"73G,263G,497T,750G,1189C,1438G,1811G,2706G,3480G,4769G,7028T,7559G,8860G,9055A,9698C,10398G,10550G,11299C,11467G,11719A,12308G,12372A,13117G,14167T,14766T,14798C,15326G,16224C,16311C",,,,,,,,
CarsingtonPasture1,"73G,185A,263G,295T,462T,482C,489C,750G,1438G,2706G,3010A,3394C,4216C,7184G,10398G,11251G,11719A,12612G,13708A,14766T,14798C,15326G,15452A,16069T,16126C",,,,,,,,,,,,
CarsingtonPasture3,"73G,146C,263G,279C,709A,750G,1438G,2706G,4769G,4917G,6261A,7873T,8697A,10463C,10822T,11251G,11719A,11812G,11914A,13368A,14233G,14766T,14905A,15326G,15452A,15607G,15928A,16126C,16292T,16294T",,,,,,,
CaveHa3_1,"73G,263G,497T,750G,1189C,1438G,1811G,2706G,3480G,4769G,7028T,8005C,9055A,9698C,10398G,10550G,11025C,11299C,11467G,11719A,12308G,12372A,14167T,14766T,14798C,15326G,16093C,16224C,16311C",,,,,,,,
Coldrum1,"73G,263G,497T,750G,1438G,1811G,2706G,3480G,7028T,8005C,9055A,9698C,10398G,10550G,11025C,11299C,11467G,11719A,12308G,12372A,14167T,14766T,14798C,15326G,16224C,16311C",,,,,,,,,,,
ELT002,"73G,185A,263G,295T,462T,482C,489C,750G,1438G,2706G,3010A,3394C,4216C,4769G,7028T,7184G,8860G,10398G,11251G,11719A,12612G,13708A,14766T,14798C,15326G,15452A,16069T,16126C",,,,,,,,,
ELT006,"73G,150T,263G,750G,1438G,1811G,2294G,2706G,3010A,4703C,4769G,6518T,7028T,8860G,9266A,10506G,11467G,11719A,12308G,12372A,13934T,14139G,14766T,15326G,15454C,16343G,16390A",,,,,,,,,,
FLR001,"517T,750G,1721T,3197C,12308G,13630G,13637G,14182C,15326G,16192T!,16270T",,,,,,,,,,,,,,,,,,,,,,,,,,
FLR002,"295T,489C,750G,2706G",,,,,,,,,,,,,,,,,,,,,,,,,,,,,,,,,
FLR003,,,,,,,,,,,,,,,,,,,,,,,,,,,,,,,,,,,,,
FLR004,"73G,750G,1438G,2706G,9962A,10289G,10398G,10550G,11299C,14766T,14798C,15257A,15326G,15946T,16311C,16319A",,,,,,,,,,,,,,,,,,,,,
FLR005,"73G,185A,462T,489C,750G,2706G!,3010A,10398G,11251G,12612G",,,,,,,,,,,,,,,,,,,,,,,,,,,
FLR007,"73G,150T,263G,750G,2706G,3197C,9477A,11467G,12308G,12372A,13617C,14182C,14766T,15191C,15326G,16189C,16270T,16311C",,,,,,,,,,,,,,,,,,,
FLR010,"73G,750G,1438G,4917G,10822T,11251G,11812G",,,,,,,,,,,,,,,,,,,,,,,,,,,,,,
FLR014,"497T,750G,2706G,3480G,9055A,10398G,10550G,11299C,11719A,14766T,14798C,15326G,16093C,16224C",,,,,,,,,,,,,,,,,,,,,,,
FUC003,"73G,153G,195C,225A,226C,263G,750G,1438G,1719A,2706G,4769G,6221C,6371T,7028T,8393T,8860G,11719A,12705T,13708A,13966G,14470C,14766T,15326G,15927A,16189C,16223T,16278T",,,,,,,,,,
GBVPK,"73G,150T,152C,263G,295T,489C,750G,1438G,2706G,4216C,4769G,5633T,7028T,7476T,8860G,10172A,10398G,11251G,11719A,12612G,13708A,14766T,15257A,15326G,15452A,15812A,16069T,16126C,16193T,16278T",,,,,,,
GNM1007,"73G,195C,263G,497T,750G,1189C,1438G,1811G,2706G,3480G,4769G,7028T,8860G,9055A,9698C,10398G,10550G,11299C,11467G,11719A,12308G,12372A,14167T,14766T,14798C,15326G,16093C,16224C,16311C",,,,,,,,
GNM1076,"263G,477C,750G,1438G,3010A,4769G,8860G,15326G",,,,,,,,,,,,,,,,,,,,,,,,,,,,,
GRG003,"73G,263G,497T,750G,1438G,1811G,2706G,3480G,9698C,10398G,10550G,11299C,11467G,11719A,12308G,12372A,14167T,14766T,14798C,15326G,16093C,16224C,16311C",,,,,,,,,,,,,,
GRG008,"73G,263G,750G,3197C,12308G,12372A,13617C,14182C,14766T,15326G,16270T",,,,,,,,,,,,,,,,,,,,,,,,,,
GRG016,"73G,152C,263G,750G,3336C,5315G,10238C,10398G,12501A,12705T,13780G,14766T,15043A,15326G,16223T,16248T,16320T,16355T",,,,,,,,,,,,,,,,,,,
GRG021,,,,,,,,,,,,,,,,,,,,,,,,,,,,,,,,,,,,,
GRG022,"73G,263G,497T,2706G,3480G,9055A,10398G,10550G,11299C,11719A,12308G,12372A,14167T,14766T,14798C,15326G,16093C,16224C,16311C",,,,,,,,,,,,,,,,,,
GRG023,"295T,489C,750G,10172A,10398G,11251G,11719A",,,,,,,,,,,,,,,,,,,,,,,,,,,,,,
GRG027,"263G,750G,15326G",,,,,,,,,,,,,,,,,,,,,,,,,,,,,,,,,,
GRG035,,,,,,,,,,,,,,,,,,,,,,,,,,,,,,,,,,,,,
GRG041,"73G,263G,750G,2706G,3480G,9055A,10398G,10550G,11299C,12308G,12372A,14167T,14766T,14798C,15326G,16224C,16311C",,,,,,,,,,,,,,,,,,,,
GRG043,"263G,750G,15326G",,,,,,,,,,,,,,,,,,,,,,,,,,,,,,,,,,
GRG047,"73G,195C,263G,1811G!,2706G,3480G",,,,,,,,,,,,,,,,,,,,,,,,,,,,,,,
GRG052,"73G,295T,482C,489C,750G,3010A,3394C,11251G,11719A,14766T,14798C,15326G,16069T,16126C",,,,,,,,,,,,,,,,,,,,,,,
GRG057,,,,,,,,,,,,,,,,,,,,,,,,,,,,,,,,,,,,,
HBS006,"73G,263G,709A,750G,930A,1438G,1888A,2706G,4917G,5147A,7028T,8697A,8860G,11251G,11719A,11812G,13368A,14766T,14905A,15326G,15607G,15928A,16126C,16294T",,,,,,,,,,,,,
HBS009,"750G,1438G,8860G,11719A,15326G,16093C,16129A,16316G",,,,,,,,,,,,,,,,,,,,,,,,,,,,,
I0172,"73G,263G,709A,750G,930A,1438G,1888A,2706G,4216C,4769G,4917G,5147A,7028T,8697A,8860G,10463C,11251G,11719A,11812G,13368A,14233G,14766T,14905A,15326G,15452A,15607G,15928A,16126C,16294T,16296T,16304C",,,,,,
I0406,"263G,750G,1438G,3010A,4769G,8860G,15326G",,,,,,,,,,,,,,,,,,,,,,,,,,,,,,
I0410,"73G,146C,152C,263G,279C,709A,750G,1438G,1888A,2706G,4216C,4769G,4917G,5187T,6261A,7028T,7873T,8697A,8860G,10822T,11251G,11719A,11812G,13368A,14233G,14766T,14905A,15326G,15452A,15607G,15928A,16126C,16292T,16294T",,,
I0412,"73G,199C,204C,263G,669C,750G,1438G,1719A,2702A,2706G,3336C,4769G,5315G,7028T,8860G,8901G,10238C,10398G,11719A,12501A,12705T,13780G,14766T,15043A,15326G,16172C,16223T,16248T,16355T",,,,,,,,
I0633,"263G,750G,1438G,2706G,4769G,7028T,8860G,15326G,16311C",,,,,,,,,,,,,,,,,,,,,,,,,,,,
I0634,"73G,263G,497T,750G,1189C,1438G,1811G,2706G,3480G,4769G,7028T,8860G,9055A,9698C,10398G,10550G,11299C,11467G,11485C,11719A,12308G,12372A,14167T,14766T,14798C,15326G,16224C,16311C",,,,,,,,,
I0698,"263G,750G,1438G,4769G,7028T,8860G,14766T,15326G",,,,,,,,,,,,,,,,,,,,,,,,,,,,,
I0706,"73G,263G,280G,497T,750G,1189C,1438G,1811G,2706G,3480G,4769G,7028T,8860G,9055A,9448G,9698C,10398G,10550G,11299C,11467G,11485C,11719A,12308G,12372A,14167T,14766T,14798C,15326G,16093C,16224C,16311C",,,,,,
I0708,"73G,152C,263G,750G,1438G,1598A,1703T,1719A,2639T,2706G,3921A,4769G,4960T,5471A,7028T,8251A,8472T,8836G,8860G,9335T,10238C,11362G,11719A,12501A,12705T,12822G,14766T,15326G,16145A,16176G,16223T,16390A",,,,,
I0709,"73G,150T,263G,750G,1438G,1811G,2706G,4769G,7028T,8860G,11467G,11719A,12308G,12372A,14139G,14766T,15326G,15454C,16343G",,,,,,,,,,,,,,,,,,
I0723,"73G,143A,153G!,195C,225A,226C,263G,750G,1438G,1719A,2706G,4059T,4769G,6221C,6371T,7028T,8473C,8860G,11719A,12705T,13966G,14470C,14766T,15326G,16189C,16223T,16278T",,,,,,,,,,
I0744,"73G,185A,228A,263G,295T,462T,489C,750G,1438G,2706G,3010A,4216C,4769G,7028T,8860G,10398G,11251G,11719A,12612G,13708A,14766T,14798C,15326G,15452A,16069T,16126C,16224C",,,,,,,,,,
I0745,"73G,195C,263G,750G,1438G,1811G!,2706G,3480G,4769G,5165T,7028T,8860G,9055A,9698C,11467G,11719A,12308G,12372A,14053G,14167T,14766T,15326G,16189C,16234T,16324C",,,,,,,,,,,,
I0746,"73G,263G,497T,750G,1189C,1438G,1811G,2706G,3480G,4769G,7028T,8860G,9055A,9698C,10398G,10550G,11299C,11467G,11719A,12308G,12372A,14167T,14766T,14798C,15326G,16093C,16224C,16311C",,,,,,,,,
I0867,"73G,263G,280G,497T,750G,1189C,1438G,1811G,2706G,3480G,4769G,7028T,8860G,9055A,9448G,9698C,10398G,10550G,11299C,11467G,11485C,11719A,12308G,12372A,14167T,14766T,14798C,15326G,16224C,16311C",,,,,,,
I1096,"73G,152C,199C,204C,263G,669C,750G,1438G,1719A,2702A,2706G,3336C,4769G,5315G,7028T,8860G,8901G,10238C,10398G,11719A,12501A,12705T,13780G,14766T,15043A,15326G,16172C,16223T,16248T,16355T",,,,,,,
I1097,"73G,119C,189G,195C,204C,207A,263G,709A,750G,1243C,1438G,2706G,3505G,4769G,5046A,5460A,7028T,7864T,8251A,8860G,8994A,11674T,11719A,11947G,12414C,12705T,14766T,15326G,15884C,16223T,16292T",,,,,,
I1099,"73G,263G,709A,750G,930A,1438G,1888A,2706G,4216C,4769G,4917G,5147A,7028T,8697A,8860G,10463C,11251G,11719A,11812G,13368A,14233G,14766T,14905A,15326G,15452A,15607G,15928A,16126C,16294T,16296T,16304C",,,,,,
I1101,"73G,263G,709A,750G,930A,1438G,1888A,2706G,4216C,4769G,4917G,5147A,7028T,8697A,8860G,10463C,11251G,11719A,11812G,13368A,14233G,14766T,14905A,15326G,15452A,15607G,15928A,16126C,16294T,16296T,16304C",,,,,,
I1102,"73G,263G,497T,750G,1189C,1438G,1811G,2706G,3480G,4769G,7028T,7559G,8860G,9055A,9698C,10398G,10550G,11299C,11467G,11719A,12308G,12372A,13117G,14167T,14766T,14798C,15326G,16093C,16224C,16311C",,,,,,,
I1103,"73G,263G,750G,1189C,1438G,1811G,2706G,3480G,4769G,5913A,6053T,7028T,8164T,8860G,9055A,9698C,9962A,10289G,10398G,10550G,11299C,11467G,11719A,12308G,12372A,14063C,14167T,14384A,14766T,14798C,15326G,15946T,16093C,16224C,16311C",,
I1131,"263G,750G,1438G,4769G,8860G,15326G",,,,,,,,,,,,,,,,,,,,,,,,,,,,,,,
I1495,"73G,152C,199C,204C,263G,669C,750G,1438G,1719A,2702A,2706G,3336C,4769G,5315G,7028T,8860G,8901G,10238C,10398G,11719A,12501A,12705T,13780G,14766T,15043A,15326G,16172C,16223T,16248T,16320T,16355T",,,,,,
I1496,"73G,263G,497T,750G,1189C,1438G,1811G,2706G,3480G,4769G,7028T,8860G,9055A,9698C,10398G,10550G,11299C,11467G,11719A,12308G,12372A,13117G,13590A,14167T,14766T,14798C,15326G,16093C,16224C,16311C",,,,,,,
I1507,"73G,150T,241G,263G,750G,1095C,1391C,1438G,2706G,4769G,6683T,7028T,8860G,11122A,11151T,11719A,12245C,13167G,13359A,14239T,14766T,15326G,15940C,16311C",,,,,,,,,,,,,
I1565,"73G,150T,263G,750G,1438G,1721T,2706G,3197C,4616T,4769G,7028T,7768G,8027A,8860G,9477A,11467G,11653G,11719A,12308G,12372A,12634G,13617C,13630G,13637G,14182C,14766T,15326G,16192T!,16270T",,,,,,,,
I1583,"73G,263G,497T,750G,1189C,1438G,1811G,2706G,3480G,4769G,7028T,8860G,9055A,9698C,10398G,10550G,11025C,11299C,11467G,11719A,12308G,12372A,14167T,14766T,14798C,15326G,16093C,16224C,16311C",,,,,,,,
I1593,"73G,150T,263G,750G,1438G,1721T,2706G,3197C,3212T,4732G,4769G,7028T,7768G,8860G,9477A,11467G,11719A,12308G,12372A,13617C,13637G,14182C,14766T,15326G,16189C,16192T,16270T,16398A",,,,,,,,,
I1662,"73G,263G,497T,750G,1189C,1438G,1811G,2706G,3480G,4769G,5460A,7028T,8860G,9055A,9698C,10398G,10550G,11299C,11467G,11719A,11923G,12308G,12372A,14167T,14766T,14798C,15326G,16093C,16224C,16311C",,,,,,,
I1674,"73G,199C,204C,250C,263G,750G,1438G,1719A,2706G,4529T,4769G,6734A,7028T,8251A,8573A,8860G,9966A,10034C,10238C,10398G,11719A,12501A,12705T,13780G,14766T,15043A,15326G,15924G,16129A,16223T,16311C,16319A,16362C,16391A",,,
I1734,"73G,150T,263G,750G,1438G,1721T,2706G,3197C,4769G,7028T,7768G,8860G,9477A,11467G,11719A,12308G,12372A,13617C,13637G,14182C,14766T,15326G,16192T,16270T",,,,,,,,,,,,,
I1738,"73G,263G,750G,1438G,2706G,3197C,4769G,7028T,8860G,9477A,11467G,11719A,12308G,12372A,13617C,14766T,14793G,15326G,16192T,16256T,16270T,16294T,16526A",,,,,,,,,,,,,,
I1877,"73G,153G!,195C,225A!,750G,1438G,1719A,2706G,4769G,6221C,6371T,6791G,7028T,8503C,8860G,11719A,12705T,13708A,13966G,14470C,14766T,15326G,16189C,16223T,16278T",,,,,,,,,,,,
I1878,"73G,152C,263G,709A,750G,1438G,1888A,2706G,4216C,4769G,4917G,7028T,7853A,8697A,8860G,10463C,11251G,11719A,12633A,13368A,14766T,14905A,15326G,15452A,15607G,15928A,16126C,16163G,16186T,16189C,16294T",,,,,,
I1880,"73G,207A,263G,709A,750G,1243C,1438G,2706G,3505G,4769G,5046A,5460A,6528T,7028T,8860G,8994A,11674T,11719A,11947G,12414C,12705T,14766T,15326G,15775G,15884C,16223T,16292T",,,,,,,,,,
I1887,"73G,204C,207A,263G,709A,750G,930A,1438G,1888A,2706G,4216C,4769G,4917G,5147A,7028T,8697A,8860G,10463C,11251G,11719A,11812G,13368A,14233G,14766T,14905A,15326G,15452A,15607G,15928A,16126C,16294T,16296T,16304C",,,,
I1899,"73G,263G,709A,750G,930A,1438G,1888A,2706G,4216C,4769G,4917G,5147A,7028T,8697A,8860G,10463C,11251G,11719A,11812G,13368A,14233G,14766T,14905A,15326G,15452A,15607G,15928A,16126C,16294T,16296T,16304C",,,,,,
I1901,"73G,185A,188G,228A,263G,295T,462T,489C,750G,1438G,2706G,3010A,4216C,4769G,7028T,8860G,10398G,11251G,11719A,12612G,13708A,14766T,14798C,15326G,15452A,16069T,16126C",,,,,,,,,,
I1903,"73G,263G,709A,750G,1438G,1888A,2706G,4216C,4769G,4917G,7028T,8697A,8860G,10463C,11251G,11719A,11812G,13368A,14233G,14766T,14905A,15326G,15452A,15607G,15928A,16126C,16189C,16294T,16296T",,,,,,,,
I1904,"73G,152C,263G,750G,1189C,1438G,1811G,2706G,4769G,5913A,7028T,8860G,9055A,9698C,9962A,10289G,10398G,10550G,11299C,11467G,11719A,11923G,12308G,12372A,14167T,14766T,14798C,15257A,15326G,15946T,16093C,16224C,16311C,16319A,16463G",,
I1905,"73G,709A,750G,930A,1438G,1888A,4216C,4769G,4917G,5147A,7028T,8697A,8860G,10463C,11251G,11719A,11812G,13368A,14233G,14766T,14905A,15326G,15452A,15607G,16126C,16294T,16296T",,,,,,,,,,
I1906,"263G,750G,1438G,4769G,8860G,15326G",,,,,,,,,,,,,,,,,,,,,,,,,,,,,,,
I1947,"73G,152C,263G,750G,1438G,2706G,4216C,4769G!,7028T,7657C,8473C,8790A,8860G,9738A,9932A,10685A,11719A,12654G,13500C,14305A,14766T,15326G,16071T",,,,,,,,,,,,,,
I1954,"73G,152C,263G,750G,1438G,2706G,4216C,4769G!,7028T,7657C,8473C,8790A,8860G,9738A,9932A,10685A,11719A,12654G,13500C,14305A,14766T,15326G,16071T",,,,,,,,,,,,,,
I2337,"73G,199C,204C,250C,263G,750G,1438G,1719A,2706G,4529T,4769G,6734A,7028T,8251A,8860G,9966A,10034C,10238C,10398G,11719A,12501A,12705T,13780G,14766T,15043A,15326G,15924G,16129A,16223T,16311C,16391A",,,,,,
I2354,"73G,146C,263G,709A,750G,1438G,1888A,2706G,4216C,4769G,4917G,6261A,7028T,8697A,8860G,10463C,10822T,11251G,11719A,11812G,13368A,14233G,14766T,14905A,15326G,15452A,15607G,15928A,16126C,16292T,16294T,16296T",,,,,
I2376,"72C,263G,750G,1438G,2706G,4769G,7028T,8860G,15326G,15904T,16298C",,,,,,,,,,,,,,,,,,,,,,,,,,
I2377,"73G,185A,188G,228A,263G,295T,462T,489C,750G,1438G,2706G,3010A,4216C,4769G,7028T,8860G,10398G,11251G,11719A,12612G,13708A,14766T,14798C,15326G,15452A,16069T,16126C",,,,,,,,,,
I2379,"73G,199C,204C,263G,669C,750G,1438G,1719A,2702A,2706G,3336C,4769G,5315G,7028T,8860G,8901G,10238C,10398G,11719A,12501A,12705T,13780G,14766T,15043A,15326G,16172C,16223T,16248T,16355T",,,,,,,,
I2384,"73G,263G,497T,750G,1189C,1438G,1811G,2706G,3480G,4769G,7028T,8860G,9055A,9698C,10398G,10550G,11299C,11467G,11719A,12308G,12372A,14167T,14766T,14798C,15326G,16093C,16311C",,,,,,,,,,
ajv54,"73G,150T,263G,750G,1438G,2706G,3197C,4769G,5437T,5656G,7028T,7085C,7768G,8860G,9477A,11467G,11719A,12308G,12372A,13617C,14182C,14766T,15326G,16192T,16270T",,,,,,,,,,,,
ans008,"73G,185A,228A,263G,295T,462T,489C,750G,1438G,2706G,3010A,4216C,4769G,5198G,7028T,8860G,10398G,11251G,11719A,12612G,13708A,14766T,14798C,15326G,15452A,16069T,16126C",,,,,,,,,,
ans014,"73G,185A,228A,263G,295T,462T,489C,750G,1438G,2706G,3010A,4216C,4769G,5198G,7028T,8860G,10398G,11251G,11719A,12612G,13708A,14766T,14798C,15326G,15452A,16069T,16126C",,,,,,,,,,
ans016,"263G,750G,1438G,4769G,4793G,8860G,15326G,15409T",,,,,,,,,,,,,,,,,,,,,,,,,,,,,
ans017,"72C,263G,750G,1438G,2706G,4580A,4769G,7028T,8860G,15326G,15904T,16298C",,,,,,,,,,,,,,,,,,,,,,,,,
I15946,"73G,146C,152C,263G,279C,709A,750G,1438G,1888A,2706G,4216C,4769G,4917G,5187T,6261A,7028T,7873T,8697A,8860G,10463C,10822T,11251G,11719A,11812G,13368A,14233G,14766T,14905A,15326G,15452A,15607G,15928A,16126C,16292T,16294T",,
I16168,"73G,150T,263G,517T,750G,1438G,1721T,2706G,2755G,3197C,4769G,7028T,7768G,8860G,9477A,11467G,11653G,11719A,12308G,12372A,12634G,13617C,13630G,13637G,14182C,14766T,15326G,15905C,16192T!,16224C,16270T",,,,,,
I2403,"73G,150T,263G,750G,1438G,1721T,2706G,3197C,3861G,4769G,7028T,7768G,8860G,9477A,11467G,11653G,11719A,12308G,12372A,12634G,13617C,13630G,13637G,14182C,14766T,15326G,15497A,16192T!,16270T,16292T,16362C",,,,,,
I2441,"73G,152C,263G,750G,1189C,1438G,1811G,2706G,3480G,4769G,5913A,7028T,8860G,9055A,9698C,9962A,10289G,10398G,10550G,11299C,11467G,11719A,11923G,12308G,12372A,13967T,14167T,14766T,14798C,15257A,15326G,15946T,16093C,16224C,16311C,16319A,16463G"
I2514,"73G,189G,194T,195C,199C,204C,207A,263G,709A,750G,1243C,1406C,1438G,2706G,3505G,4769G,5046A,5460A,7028T,8251A,8860G,8994A,11674T,11719A,11947G,12414C,12705T,12923T,14766T,15326G,15884C,16292T",,,,,
I2521,"263G,750G,1438G,4769G,8860G,15326G",,,,,,,,,,,,,,,,,,,,,,,,,,,,,,,
I2532,"73G,263G,497T,750G,1189C,1438G,1811G,2706G,3480G,4769G,7028T,8860G,9055A,9698C,10398G,10550G,11025C,11299C,11467G,11719A,12308G,12372A,14167T,14766T,14798C,15326G,16093C,16224C,16311C",,,,,,,,
I2606,"73G,195C,263G,497T,750G,1189C,1438G,1811G,2706G,3480G,4769G,7028T,8860G,9055A,9698C,10398G,10550G,11299C,11467G,11719A,12308G,12372A,14167T,14766T,14798C,15326G,16224C,16311C",,,,,,,,,
I2630,"73G,263G,497T,750G,1189C,1438G,1811G,2706G,3480G,4769G,7028T,8860G,9055A,9698C,10398G,10550G,11299C,11467G,11485C,11719A,12308G,12372A,14167T,14766T,14798C,15326G,16093C,16224C,16311C",,,,,,,,
I2631,"263G,456T,750G,1438G,4769G,8860G,15326G,16304C",,,,,,,,,,,,,,,,,,,,,,,,,,,,,
I2634,"73G,152C,263G,750G,1438G,1811G,2706G,4769G,7028T,8860G,11467G,11719A,12308G,12372A,14766T,15326G,16051G",,,,,,,,,,,,,,,,,,,,
I2635,"73G,150T,263G,750G,1438G,2706G,3197C,4769G,5656G,7028T,7768G,8860G,9477A,11467G,11719A,12308G,12372A,13617C,14182C,14766T,15326G,16189C,16192T!,16270T",,,,,,,,,,,,,
I2637,"73G,152C,263G,750G,1189C,1438G,1811G,2706G,3480G,4769G,5913A,7028T,8860G,9055A,9698C,9962A,10289G,10398G,10550G,11299C,11467G,11719A,11923G,12308G,12372A,13967T,14167T,14766T,14798C,15257A,15326G,15946T,16093C,16224C,16311C,16319A,16463G"
I2650,"73G,146C,263G,279C,709A,750G,1438G,1888A,2706G,4216C,4769G,4917G,5187T,6261A,7028T,7873T,8697A,8860G,10463C,10822T,11251G,11719A,11812G,11914A,13368A,14233G,14766T,14905A,15326G,15452A,15607G,15928A,16126C,16292T,16294T",,
I2660,"73G,119C,189G,195C,204C,207A,263G,709A,750G,1243C,1438G,2706G,3505G,4769G,5046A,5460A,7028T,7864T,8251A,8860G,8994A,11674T,11719A,11947G,12414C,12705T,14766T,15326G,15884C,16223T,16292T",,,,,,
I2691,"73G,185A,228A,263G,295T,462T,482C,489C,750G,1438G,2706G,3010A,3394C,4216C,4769G,7028T,8860G,10398G,11251G,11719A,12612G,13708A,14766T,14798C,15326G,15452A,16069T,16126C",,,,,,,,,
I2743,"263G,750G,1438G,4769G,14869A,15326G",,,,,,,,,,,,,,,,,,,,,,,,,,,,,,,
I2744,"73G,150T,152C,263G,489C,750G,1438G,2706G,4216C,4769G,5633T,7028T,7476T,8860G,10172A,10398G,11251G,11719A,12612G,13708A,14766T,15257A,15326G,15452A,15812A,16069T,16126C,16193T",,,,,,,,,
I2793,"263G,750G,1438G,3010A,4769G,8860G,10325A,15326G",,,,,,,,,,,,,,,,,,,,,,,,,,,,,
I2923,"73G,189G,194T,195C,199C,204C,207A,263G,709A,750G,1243C,1406C,1438G,2706G,3505G,4769G,5046A,5460A,7028T,8251A,8860G,8994A,11674T,11719A,11947G,12414C,12705T,12923T,14766T,15326G,15884C,16223T,16292T",,,,
I2927,"73G,263G,709A,750G,1438G,1888A,2706G,4216C,4769G,4917G,7028T,8041G,8697A,8860G,10463C,11251G,11719A,11812G,12397G,12771A,13368A,14233G,14766T,14905A,15326G,15452A,15607G,15928A,16126C,16172C,16294T,16296T",,,,,
I2932,"263G,456T,750G,1438G,4769G,8860G,15326G,16304C",,,,,,,,,,,,,,,,,,,,,,,,,,,,,
I2933,"73G,185A,228A,263G,295T,462T,489C,750G,1438G,2706G,3010A,4216C,4769G,6887T,7028T,8860G,10398G,11251G,11719A,12612G,13708A,14766T,14798C,15326G,15452A,16069T,16126C",,,,,,,,,,
I2935,"73G,195C,263G,750G,1438G,1811G!,2706G,3480G,4769G,5165T,7028T,8860G,9055A,9698C,11467G,11719A,12308G,12372A,14167T,14766T,15326G,16189C,16234T,16324C",,,,,,,,,,,,,
I2977,"263G,750G,1438G,3010A,4769G,8860G,15326G",,,,,,,,,,,,,,,,,,,,,,,,,,,,,,
I2978,"73G,152C,263G,750G,1189C,1438G,1811G,2706G,3480G,4769G,5913A,7028T,8860G,9055A,9698C,9962A,10289G,10398G,10550G,11299C,11467G,11719A,11923G,12308G,12372A,13967T,14167T,14766T,14798C,15257A,15326G,15946T,16093C,16224C,16311C,16319A,16463G"
I2979,"73G,195C,263G,497T,750G,1189C,1438G,1811G,2706G,3480G,4769G,7028T,8860G,9055A,9698C,10398G,10550G,11299C,11467G,11719A,12308G,12372A,14167T,14766T,14798C,15326G,16093C,16224C,16311C",,,,,,,,
I3041,"73G,263G,497T,750G,1189C,1438G,1811G,2706G,3480G,4769G,7028T,7559G,8860G,9055A,9698C,10398G,10550G,11299C,11467G,11719A,12308G,12372A,13117G,14167T,14766T,14798C,15326G,16093C,16224C,16311C",,,,,,,
I3133,"73G,195C,263G,497T,750G,1189C,1438G,1811G,2706G,3480G,4769G,7028T,8860G,9055A,9698C,10398G,10550G,11299C,11467G,11719A,12308G,12372A,14167T,14766T,14798C,15326G,16093C,16224C,16311C",,,,,,,,
I3134,"73G,263G,709A,750G,1438G,1888A,2706G,4216C,4769G,4917G,7028T,8697A,8860G,10463C,11251G,11719A,11812G,13368A,14233G,14766T,14905A,15326G,15452A,15607G,15928A,16126C,16189C,16294T,16296T",,,,,,,,
I3135,"73G,150T,263G,750G,1438G,1721T,2706G,3197C,4732G,4769G,7028T,7768G,8860G,9477A,11467G,11719A,12308G,12372A,13617C,13637G,14182C,14766T,15326G,16189C,16192T,16270T",,,,,,,,,,,
I3498,"73G,195C,263G,750G,1438G,1811G!,2706G,3480G,4769G,5165T,7028T,8860G,9055A,9698C,11467G,11719A,12308G,12372A,14053G,14167T,14766T,15326G,16189C,16234T,16324C",,,,,,,,,,,,
I3715,"73G,152C,217C,263G,340T,508G,750G,1438G,1811G,2706G,3720G,4769G,5390G,5426C,6045T,6152C,7028T,8860G,10876G,11467G,11719A,12308G,12372A,13020C,13734C,14766T,15326G,15907G,16051G,16129C,16189C,16362C",,,,,
I3717,"73G,263G,750G,1438G,2706G,3197C,4769G,7028T,8860G,9477A,11467G,11719A,12308G,12372A,13617C,14766T,14793G,15326G,16192T,16256T,16270T,16294T,16526A",,,,,,,,,,,,,,
I3718,"73G,263G,750G,1438G,2706G,3197C,4769G,7028T,8860G,9477A,11467G,11719A,12308G,12372A,13617C,14766T,14793G,15218G,15326G,16192T,16256T,16270T,16399G",,,,,,,,,,,,,,
I3719,"263G,750G,1438G,3010A,4769G,8860G,15326G",,,,,,,,,,,,,,,,,,,,,,,,,,,,,,
I4064,"263G,750G,1438G,3010A,4769G,5460A,8860G,15326G",,,,,,,,,,,,,,,,,,,,,,,,,,,,,
I4114,"73G,263G,750G,1438G,2706G,3197C,4769G,7028T,8860G,9477A,11467G,11719A,12308G,12372A,13617C,14766T,14793G,15218G,15326G,16192T,16256T,16270T,16399G",,,,,,,,,,,,,,
I4241,"73G,263G,497T,750G,1189C,1438G,1811G,2706G,3480G,4769G,7028T,8860G,9055A,9698C,10398G,10550G,11299C,11467G,11719A,12308G,12372A,13117G,14167T,14766T,14798C,15326G,16093C,16224C,16311C",,,,,,,,
I4303,"263G,750G,1438G,4769G,6776C,8860G,15326G",,,,,,,,,,,,,,,,,,,,,,,,,,,,,,
I4304,"73G,146C,152C,263G,279C,709A,750G,1438G,1888A,2706G,4216C,4769G,4917G,5187T,6261A,7028T,7873T,8697A,8860G,10463C,10822T,11251G,11719A,11812G,13368A,14233G,14766T,14905A,15326G,15452A,15607G,15928A,16126C,16292T,16294T",,
I4349,"73G,263G,285T,750G,1438G,2218T,2706G,4769G,4991A,6026A,7028T,7581C,8566G,8860G,11467G,11719A,12308G,12372A,12879C,13104G,14070G,14364A,14766T,15043A,15148A,15326G,15954C,16189C,16242T,16249C,16362C",,,,,,
I4436,"73G,152C,195C,263G,499A,750G,1438G,1811G,2706G,4646C,4769G,5999C,6047G,7028T,8818T,8860G,11332T,11467G,11719A,12308G,12372A,12937G,14620T,14766T,15326G,15693C,16134T,16356C",,,,,,,,,
I4627,"73G,152C,195C,263G,499A,750G,1438G,1811G,2706G,4646C,4769G,5999C,6047G,7028T,8818T,8860G,11332T,11467G,11719A,12308G,12372A,12937G,14620T,14766T,15326G,15693C,16134T,16356C",,,,,,,,,
I4893,"73G,150T,263G,750G,1438G,2706G,3197C,4769G,5656G,7028T,7768G,8860G,9477A,11467G,11719A,12308G,12372A,12618A,13617C,14766T,15326G,16189C,16192T,16270T",,,,,,,,,,,,,
I5068,"73G,263G,709A,750G,930A,1438G,1888A,2706G,4216C,4769G,4917G,5147A,7028T,8697A,8860G,10463C,11251G,11719A,11812G,12441C,13368A,14233G,14766T,14905A,15326G,15452A,15607G,15928A,16126C,16147T,16304C",,,,,,
I5070,"73G,114T,263G,497T,750G,1189C,1438G,1811G,2706G,3480G,3552C,4769G,7028T,8860G,9055A,9698C,10398G,10550G,11299C,11467G,11719A,11914A,12308G,12372A,14167T,14766T,14798C,15326G,16224C,16311C",,,,,,,
I5072,"263G,750G,1438G,4769G,4793G,6296A,8860G,15326G",,,,,,,,,,,,,,,,,,,,,,,,,,,,,
I5077,"73G,263G,750G,1438G,2706G,3197C,4769G,7028T,8860G,9477A,11467G,11719A,12308G,12372A,13617C,13802T,14766T,14793G,15218G,15326G,16256T,16270T,16320T,16399G",,,,,,,,,,,,,
I5078,"263G,750G,1438G,4769G,8860G,14470A,15326G,16093C",,,,,,,,,,,,,,,,,,,,,,,,,,,,,
I5204,"73G,185A,188G,228A,263G,295T,462T,489C,750G,1438G,2706G,3010A,4216C,4769G,7028T,8860G,10398G,11251G,11719A,12612G,13708A,14766T,14798C,15326G,15452A,16069T,16126C",,,,,,,,,,
I5207,"263G,750G,1438G,4769G,8860G,13147T,15326G",,,,,,,,,,,,,,,,,,,,,,,,,,,,,,
I5359,"263G,456T,750G,1438G,4769G,8860G,15326G,16304C",,,,,,,,,,,,,,,,,,,,,,,,,,,,,
I5875,"73G,152C,195C,263G,499A,750G,1438G,1811G,2706G,4646C,4769G,5999C,6047G,7028T,8818T,8860G,11332T,11467G,11719A,12308G,12372A,12937G,14620T,14766T,15326G,15693C,16134T,16356C",,,,,,,,,
I5890,"73G,263G,750G,1438G,2706G,3197C,4769G,7028T,8860G,9477A,11467G,11719A,12308G,12372A,13617C,14766T,14793G,15218G,15326G,16192T,16256T,16270T,16399G",,,,,,,,,,,,,,
I6750,"73G,195C,263G,497T,750G,1189C,1438G,1811G,2706G,3480G,4769G,7028T,8860G,9055A,9698C,10398G,10550G,11299C,11467G,11719A,12308G,12372A,14167T,14766T,14798C,15326G,16093C,16224C,16311C",,,,,,,,
I6759,"73G,263G,295T,462T,482C,489C,750G,1438G,2706G,3010A,3394C,4216C,4769G,7028T,8860G,10398G,11251G,11719A,12612G,13708A,14766T,14798C,15326G,15452A,16069T,16126C",,,,,,,,,,,
I7042,"263G,750G,1438G,4769G,8860G,15326G",,,,,,,,,,,,,,,,,,,,,,,,,,,,,,,
I7554,"73G,185A,228A,263G,295T,462T,489C,750G,1438G,2706G,3010A,4216C,4769G,6887T,7028T,8860G,10398G,11251G,11719A,12612G,13708A,14766T,14798C,15326G,15452A,16069T,16126C",,,,,,,,,,
JubileeCave,"73G,185A,228A,263G,295T,462T,489C,750G,1438G,2706G,3010A,6887T,7028T,10398G,11251G,12612G,13708A,14766T,14798C,15326G,15452A,16069T,16126C",,,,,,,,,,,,,,
Klei10,"73G,263G,497T,750G,1189C,1438G,1811G,2706G,3480G,4769G,7028T,8860G,9055A,9698C,10398G,10550G,11025C,11299C,11467G,11719A,12308G,12372A,14167T,14766T,14798C,15326G,16224C,16311C",,,,,,,,,
LBR001,"263G,15326G",,,,,,,,,,,,,,,,,,,,,,,,,,,,,,,,,,,
LBR002,"73G,150T,263G,517T,750G,1721T,2706G,2755G,3197C,9477A,11467G,12308G,12372A,12634G,14766T,15326G,15905C,16192T!,16224C,16270T",,,,,,,,,,,,,,,,,
LBR005,"73G,263G,497T,750G,1438G,2706G,3480G,9055A,9698C,10398G,10550G,11025C,11299C,11467G,12308G,12372A,14167T,14766T,14798C,15326G,16093C,16224C,16311C",,,,,,,,,,,,,,
LON003_LON004,"73G,263G,497T,750G,1189C,1438G,1811G,2706G,3480G,4769G,5773A,7028T,8860G,9055A,9698C,10398G,10550G,11025C,11299C,11467G,11719A,12308G,12372A,14167T,14766T,14798C,15326G,16224C,16311C",,,,,,,,
MB6,"73G,185A,228A,263G,295T,462T,489C,750G,1438G,2706G,3010A,4216C,4769G,7028T,8860G,10398G,11251G,11719A,12612G,13708A,13934T,14766T,14798C,15326G,15452A,16069T,16126C",,,,,,,,,,
MDV248,"73G,263G,497T,750G,1189C,1438G,1811G,2706G,3480G,4769G,7028T,8860G,9055A,9698C,10398G,10550G,11025C,11299C,11467G,11719A,12308G,12372A,14167T,14766T,14798C,15326G,16093C,16224C,16311C",,,,,,,,
OBN004,"73G,263G,2706G,8005C,9055A,11719A",,,,,,,,,,,,,,,,,,,,,,,,,,,,,,,
OBN005,,,,,,,,,,,,,,,,,,,,,,,,,,,,,,,,,,,,,
OBN006,"152C!,263G,1719A,2702A,2706G,3336C,5315G,10143A,10238C,10398G,11884G,12501A,12705T,13780G,14766T,15043A,15326G,16172C,16223T,16248T,16355T",,,,,,,,,,,,,,,,
OBN007,"73G,263G,750G,1438G,2706G,3480G,9055A,10550G,11299C,11467G,11719A,12308G,12372A,14167T,14766T,14798C,15326G,16224C,16311C",,,,,,,,,,,,,,,,,,
OBN011,"750G,1187C,2706G",,,,,,,,,,,,,,,,,,,,,,,,,,,,,,,,,,
PB1327,"73G,151T,263G,709A,750G,930A,1438G,1888A,2706G,4216C,4769G,4917G,5147A,7028T,8697A,8860G,10463C,10750G,11251G,11719A,11812G,13368A,14233G,14766T,14905A,15326G,15452A,15607G,15928A,16126C,16294T,16296T,16304C",,,,
PB186,"73G,153G,195C,225A,226C,263G,750G,1438G,1719A,2706G,4769G,6221C,6371T,7028T,8393T,8860G,11719A,12705T,13708A,13966G,14470C,14766T,15326G,15927A,16189C,16223T,16278T",,,,,,,,,,
PB2031,"73G,263G,497T,750G,1189C,1438G,1811G,2706G,3480G,4769G,7028T,8005C,8860G,9055A,9698C,10398G,10550G,11025C,11299C,11467G,11719A,12308G,12372A,14167T,14766T,14798C,15326G,16093C,16224C,16311C",,,,,,,
PB443,"73G,152C,263G,750G,1189C,1438G,1811G,2706G,3480G,4769G,5913A,7028T,8860G,9055A,9698C,9962A,10289G,10398G,10550G,11299C,11467G,11719A,11923G,12308G,12372A,13967T,14167T,14766T,14798C,15257A,15326G,15946T,16093C,16224C,16311C,16319A,16463G"
PB581,"73G,263G,709A,750G,930A,1438G,1888A,2706G,4216C,4769G,4917G,5147A,7028T,8697A,8860G,10463C,11251G,11719A,11812G,13368A,14233G,14766T,14905A,15326G,15452A,15607G,15928A,16126C,16294T,16296T,16304C",,,,,,
PB672,"73G,146C,152C,263G,279C,709A,750G,1438G,1888A,2706G,4216C,4769G,4917G,5187T,6261A,7028T,7873T,8697A,8860G,10463C,10822T,11251G,11719A,11812G,13368A,14233G,14766T,14905A,15326G,15452A,15607G,15928A,16126C,16292T,16294T",,
PB675,"263G,750G,1438G,3010A,4769G,8860G,15326G",,,,,,,,,,,,,,,,,,,,,,,,,,,,,,
PB768,"263G,750G,1438G,3992T,4024G,4769G,5004C,8269A,8860G,9123A,10044G,14365T,14582G,15326G",,,,,,,,,,,,,,,,,,,,,,,
PEN003,"462T,750G,3010A,10398G,11251G,12612G,13708A,13934T,14766T,14798C,15326G,15452A,16069T,16390A",,,,,,,,,,,,,,,,,,,,,,,
PER3123,"73G,150T,263G,750G,1438G,2706G,3197C,4769G,5656G,7028T,7768G,8860G,9477A,11467G,11719A,12308G,12372A,13617C,14182C,14766T,15326G,16189C,16192T,16270T",,,,,,,,,,,,,
PN02,"73G,150T,263G,750G,1438G,2706G,3197C,4769G,5656G,7028T,7768G,8860G,9477A,11467G,11719A,12308G,12372A,13617C,14182C,14766T,15191C,15326G,16189C,16192T,16270T,16311C,16336A",,,,,,,,,,
PN03,"73G,114T,263G,497T,750G,1189C,1438G,1811G,2706G,3480G,4769G,7028T,8860G,9055A,9698C,10398G,10550G,11299C,11467G,11719A,11914A,12308G,12372A,14167T,14766T,14798C,15326G,16224C,16311C",,,,,,,,
PN04,"263G,750G,1438G,3010A,4769G,8860G,15326G,16189C",,,,,,,,,,,,,,,,,,,,,,,,,,,,,
PN05,"73G,195C,263G,497T,750G,1189C,1438G,1811G,2706G,3480G,4769G,7028T,8860G,9055A,9698C,10398G,10550G,11299C,11467G,11719A,12308G,12372A,14167T,14766T,14798C,15326G,16093C,16224C,16311C",,,,,,,,
PN06,"263G,750G,1438G,4769G,8860G,15326G",,,,,,,,,,,,,,,,,,,,,,,,,,,,,,,
PN07,"73G,150T,263G,750G,1438G,2706G,3197C,4769G,5656G,7028T,7768G,8860G,9477A,11467G,11719A,12308G,12372A,13617C,14182C,14766T,15191C,15326G,16189C,16270T,16311C",,,,,,,,,,,,
PRI001,"73G,153G,195C,225A,226C,263G,750G,1719A,2706G,6371T,8393T,11719A,12705T,13708A,13966G,14470C,14766T,15326G,15927A,16189C,16223T,16278T",,,,,,,,,,,,,,,
RISE1160,"73G,263G,709A,750G,930A,1438G,1888A,2706G,4917G,8697A,10463C,11251G,11719A,11812G,13368A,14233G,14766T,14905A,15326G,15452A,15607G,15928A,16126C,16294T,16304C",,,,,,,,,,,,
RISE1162,"73G,114T,263G,497T,750G,1438G,1811G,2706G,3480G,9055A,9698C,9932A,10398G,10550G,11299C,11467G,11470G,11719A,11914A,12308G,12372A,14167T,14766T,14798C,15326G,15924G,16093C,16224C,16311C",,,,,,,,
RISE1163,"263G,750G,8860G,15326G",,,,,,,,,,,,,,,,,,,,,,,,,,,,,,,,,
RISE1165,"263G,750G,15326G",,,,,,,,,,,,,,,,,,,,,,,,,,,,,,,,,,
RISE1168,"263G,750G,1438G,4769G,7337A,15326G",,,,,,,,,,,,,,,,,,,,,,,,,,,,,,,
RISE1169,"72C,93G,263G,750G,1438G,2706G,8860G,15326G,15904T,16298C",,,,,,,,,,,,,,,,,,,,,,,,,,,
RISE1171,"73G,263G,295T,462T,489C,750G,1438G,2706G,3010A,8860G,10398G,11251G,11719A,12477C,12612G,13708A,13934T,14766T,14798C,15326G,15452A,16063C,16069T,16126C",,,,,,,,,,,,,
RISE1173,"263G,750G,1438G,4769G,7337A,8860G,15326G",,,,,,,,,,,,,,,,,,,,,,,,,,,,,,
RISE1241,"73G,185A,228A,263G,295T,462T,489C,750G,1438G,2706G,3010A,9632G,10398G,11251G,11719A,12083G,12612G,13708A,14766T,14798C,15326G,15452A,16069T,16126C",,,,,,,,,,,,,
RISE1250,"73G,150T,263G,750G,1438G,1721T,2706G,3197C,4732G,9477A,11467G,11719A,12308G,12372A,13617C,13637G,14182C,14766T,15326G,16189C,16192T,16270T",,,,,,,,,,,,,,,
RISE1252,"263G,750G,1438G,15326G",,,,,,,,,,,,,,,,,,,,,,,,,,,,,,,,,
ROS102,"73G,114T,263G,497T,750G,1438G,1811G,2706G,3480G,9055A,9698C,10398G,10550G,11299C,11467G,11719A,11914A,12308G,12372A,14167T,14766T,14798C,15326G,16093C,16224C,16311C",,,,,,,,,,,
ROS78,"73G,195C,263G,750G,1438G,1811G!,2706G,3480G,4769G,5165T,7028T,8860G,9055A,9698C,11467G,11719A,12308G,12372A,14053G,14167T,14766T,15326G,16189C,16234T,16324C",,,,,,,,,,,,
ROUQC,"73G,146C,152C,263G,279C,709A,750G,1438G,1888A,2706G,4216C,4769G,4917G,5187T,6261A,7028T,7873T,8697A,8860G,10463C,10822T,11251G,11719A,11812G,13368A,14233G,14766T,14905A,15326G,15452A,15607G,15928A,16126C,16294T",,,
ROUQF,"72C,263G,750G,1438G,2706G,4580A,4769G,7028T,8860G,15326G,15904T,16298C",,,,,,,,,,,,,,,,,,,,,,,,,
ROUQH,"73G,152C,217C,263G,340T,508G,750G,1438G,1811G,2706G,3720G,4769G,5390G,5426C,6045T,6152C,7028T,7151T,8860G,10876G,11176A,11467G,11719A,12308G,12346T,12372A,13020C,13734C,14766T,15326G,15907G,16051G,16129C,16189C,16362C",,
ROUQW,"73G,153G,195C,225A,227G,263G,750G,1438G,1719A,2706G,4769G,6221C,6371T,7028T,8705C,8860G,11719A,12705T,13966G,14470C,14766T,15326G,16189C,16223T,16255A,16278T",,,,,,,,,,,
Raschoille1,"73G,263G,497T,750G,1438G,1811G,2706G,3480G,9055A,9698C,10398G,10550G,11299C,11467G,11719A,12308G,12372A,13117G,14167T,14798C,15326G,16093C,16224C,16311C",,,,,,,,,,,,,
SCH016,"73G,146C,152C,263G,709A,750G,1438G,2706G,3480G,4561C,7028T,8860G,9055A,10550G,11299C,11467G,11719A,14167T,14798C,15326G,16224C,16311C",,,,,,,,,,,,,,,
TGM009,"73G,185A,228A,263G,295T,462T,489C,750G,2706G,3010A,4454C,10398G,11251G,11719A,12612G,13708A,14798C,15326G,15452A,16069T,16126C",,,,,,,,,,,,,,,,
Tep003,"73G,152C,263G,750G,1438G,1598A,1703T,1719A,2639T,2706G,3921A,4769G,4960T,5471A,7028T,8251A,8472T,8836G,8860G,9335T,10238C,11362G,11719A,12501A,12705T,12822G,14766T,15326G,16145A,16176G,16223T,16390A",,,,,
Tep006,"73G,199C,204C,263G,669C,750G,1438G,1719A,2702A,2706G,3336C,4769G,5315G,7028T,8860G,8901G,10238C,10398G,11719A,12501A,12705T,13780G,14766T,15043A,15326G,16172C,16223T,16248T,16355T",,,,,,,,
Tinkinswood1,"263G,456T,750G,1438G,15326G,16304C",,,,,,,,,,,,,,,,,,,,,,,,,,,,,,,
UpperSwell,"73G,114T,263G,497T,750G,1811G,2706G,3480G,9055A,9698C,10398G,10550G,11299C,11467G,11470G,11719A,12308G,12372A,14167T,14766T,14798C,15326G,15924G,16093C,16224C,16311C",,,,,,,,,,,
WestKennet1,"73G,263G,750G,1438G,2706G,3197C,4769G,7843G,11467G,11719A,12308G,12372A,13617C,14766T,14793G,15326G,16192T,16256T,16270T,16526A",,,,,,,,,,,,,,,,,
XN171,"263G,750G,1438G,3010A,8860G,15326G",,,,,,,,,,,,,,,,,,,,,,,,,,,,,,,
ZKO,"73G,150T,263G,750G,1811G,2706G,4769G,8860G,11719A,12308G,12372A,14139G,14766T,15326G,15454C,16343G",,,,,,,,,,,,,,,,,,,,,
ZMOJ,"73G,263G,497T,750G,1438G,2706G,8860G,9055A,10398G,10550G,11299C,11467G,14167T,14798C,15326G,16093C,16224C,16311C",,,,,,,,,,,,,,,,,,,
lai001,"73G,150T,263G,750G,1438G,1721T,2706G,3197C,4732G,4769G,7028T,7768G,8860G,9477A,11467G,11719A,12308G,12372A,13617C,13637G,14182C,14766T,15326G,16189C,16192T!,16270T",,,,,,,,,,,
mid002,"263G,456T,750G,1438G,4769G,8860G,15326G,16304C,16311C",,,,,,,,,,,,,,,,,,,,,,,,,,,,
prs009,"73G,150T,263G,723G,750G,1438G,1721T,2706G,3197C,4769G,7028T,7768G,8860G,9477A,11467G,11719A,12308G,12372A,13017G,13617C,13637G,14182C,14766T,15326G,16270T",,,,,,,,,,,,
prs010,"73G,195C,263G,497T,750G,1189C,1438G,1811G,2706G,3480G,4769G,7028T,8860G,9055A,9698C,10398G,10550G,11299C,11467G,11719A,12308G,12372A,14167T,14766T,14798C,15326G,16224C,16311C",,,,,,,,,
prs012,"73G,119C,189G,195C,204C,207A,263G,709A,750G,1243C,1438G,2706G,3505G,4769G,5046A,5460A,7028T,7864T,8251A,8860G,8994A,11674T,11719A,11947G,12414C,12705T,14766T,15326G,15884C,16223T,16292T",,,,,,
prs013,"73G,151T,263G,709A,750G,930A,1438G,1888A,2706G,4216C,4769G,4917G,5147A,7028T,7150C,8697A,8860G,10463C,10750G,11251G,11719A,11812G,13368A,14233G,14766T,14905A,15326G,15452A,15607G,15928A,16126C,16294T,16296T,16304C",,,
prs016,"73G,263G,497T,750G,1189C,1438G,1811G,2706G,3480G,4769G,6260A,7028T,8860G,9055A,9698C,10398G,10550G,11299C,11467G,11485C,11719A,11840T,12308G,12372A,13740C,14167T,14766T,14798C,15326G,16224C,16311C",,,,,,
prs017,"73G,195C,263G,497T,750G,1189C,1438G,1811G,2706G,3480G,4769G,7028T,8860G,9055A,9698C,10398G,10550G,11299C,11467G,11719A,12308G,12372A,14167T,14766T,14798C,15326G,16224C,16311C",,,,,,,,,
I7602,"73G,185A,228A,263G,295T,462T,482C,489C,750G,1438G,2706G,3010A,3394C,4216C,4769G,7028T,8860G,10398G,11251G,11719A,12612G,13708A,14766T,14798C,15326G,15452A,16069T,16126C",,,,,,,,,
I7603,"73G,263G,497T,750G,1189C,1438G,1811G,2706G,3480G,4769G,7028T,8005C,8860G,9055A,9698C,10398G,10550G,11025C,11299C,11467G,11719A,12308G,12372A,14167T,14766T,14798C,15326G,16093C,16224C,16311C",,,,,,,
I7605,"263G,750G,1438G,4769G,6776C,8860G,15326G",,,,,,,,,,,,,,,,,,,,,,,,,,,,,,
I7606,"73G,150T,263G,750G,1438G,2706G,3197C,4769G,5656G,7028T,7768G,8860G,9477A,11467G,11719A,12308G,12372A,13617C,14182C,14766T,15326G,16189C,16192T!,16270T",,,,,,,,,,,,,
I7642,"73G,150T,152C,263G,295T,489C,750G,1438G,2706G,4216C,4769G,5633T,7028T,7476T,8860G,10172A,10398G,11251G,11719A,12612G,13708A,14766T,15257A,15326G,15452A,15812A,16069T,16126C,16193T,16278T",,,,,,,
I7604,"263G,750G,1438G,3010A,3666A,4769G,8860G,15326G",,,,,,,,,,,,,,,,,,,,,,,,,,,,,
I10277,"73G,153G,195C,225A,227G,263G,750G,1438G,2706G,4769G,6221C,6371T,7028T,8705C,8860G,11719A,12705T,13966G,14470C,14766T,15326G,16223T,16278T",,,,,,,,,,,,,,
I10278,"73G,150T,263G,533G,750G,1438G,2706G,3197C,3507A,4769G,5656G,7028T,7768G,8860G,9477A,11467G,11719A,12308G,12372A,13617C,14182C,14766T,15326G,16192T,16270T",,,,,,,,,,,,
I10280,"73G,185A,228A,263G,295T,462T,482C,489C,750G,1438G,2706G,3010A,3394C,4216C,4769G,7028T,8860G,10398G,11251G,11719A,12612G,13708A,14766T,14798C,15326G,15452A,16069T,16126C",,,,,,,,,
I7598,"73G,150T,263G,750G,1438G,2706G,3197C,4769G,7028T,7226A,7768G,8860G,9477A,11467G,11719A,12308G,12372A,13617C,14182C,14766T,15326G,16192T,16270T,16304C",,,,,,,,,,,,,
I11305,"73G,185A,228A,263G,295T,462T,482C,489C,750G,1438G,2706G,3010A,3394C,4216C,4769G,7028T,7184G,8860G,10398G,11251G,11719A,12612G,13708A,14766T,14798C,15326G,15452A,16069T,16126C",,,,,,,,
I11249,"73G,150T,263G,750G,1438G,2706G,3197C,4769G,5656G,7028T,7768G,8860G,9477A,11467G,11719A,12308G,12372A,13617C,14182C,14766T,15326G,16192T,16270T",,,,,,,,,,,,,,
I11248,"73G,150T,152C,195C,215G,263G,295T,319C,489C,513A,750G,1438G,2706G,4216C,4769G,7028T,7476T,7789A,8860G,10398G,10499G,11251G,11377A,11719A,12612G,13708A,13722G,14133G,14766T,15257A,15326G,15452A,16069T,16126C,16145A,16231C,16261T"
I10287,"73G,151T,263G,709A,750G,930A,1438G,1888A,2706G,4216C,4769G,4917G,5147A,7028T,8697A,8860G,10463C,10750G,11251G,11719A,11812G,13368A,14233G,14766T,14905A,15326G,15452A,15607G,15928A,16126C,16294T,16296T,16304C",,,,
I2791,"73G,195C,263G,750G,1438G,2706G,3197C,4769G,7028T,8860G,9477A,11467G,11719A,12308G,12372A,13617C,13802T,14766T,14793G,15218G,15326G,16192T,16256T,16270T,16320T,16399G",,,,,,,,,,,
I2752,"73G,263G,497T,750G,1189C,1438G,1811G,2706G,3480G,4769G,7028T,8860G,9055A,9698C,10398G,10550G,11299C,11467G,11719A,12308G,12372A,14167T,14766T,14798C,15326G,16093C,16224C,16311C",,,,,,,,,
I2753,"73G,263G,750G,1438G,2706G,3197C,4769G,7028T,8860G,9477A,11467G,11719A,12308G,12372A,13617C,14766T,14793G,15218G,15326G,16192T,16256T,16270T,16399G",,,,,,,,,,,,,,
I2369,"73G,150T,152C,195C,215G,263G,295T,319C,489C,513A,750G,1438G,2706G,4216C,4769G,7028T,7476T,7789A,8860G,10398G,10499G,11251G,11377A,11719A,12612G,13708A,13722G,14133G,14766T,15257A,15326G,15452A,16069T,16126C,16145A,16231C,16261T"
I0821,"73G,153G!,195C,225A!,263G,750G,1438G,1719A,2706G,4769G,6221C,6371T,6791G,7028T,8503C,8860G,11719A,12705T,13708A,13966G,14470C,14766T,15326G,16189C,16223T,16278T",,,,,,,,,,,
I2788,"263G,750G,1438G,4769G,8860G,15326G",,,,,,,,,,,,,,,,,,,,,,,,,,,,,,,
I2371,"73G,150T,263G,750G,1438G,2706G,3197C,4769G,7028T,7226A,7768G,8860G,9477A,11467G,11719A,12308G,12372A,13617C,14182C,14766T,15326G,16129A,16270T,16304C",,,,,,,,,,,,,
I0048,"73G,195C,263G,497T,750G,1189C,1438G,1811G,2706G,3480G,4769G,7028T,8860G,9055A,9698C,10398G,10550G,11299C,11467G,11719A,12308G,12372A,14167T,14766T,14798C,15326G,16093C,16224C,16311C",,,,,,,,
I0056,"73G,263G,709A,750G,930A,1438G,1888A,2706G,3338C,4216C,4769G,4917G,5147A,7028T,8697A,8860G,10463C,11251G,11719A,11812G,13368A,14233G,14766T,14905A,15326G,15452A,15607G,15928A,16126C,16294T,16296T,16304C",,,,,
I2783,"73G,263G,709A,750G,930A,1438G,1888A,2706G,4216C,4769G,4917G,5147A,7028T,8697A,8860G,10463C,11251G,11719A,11812G,12441C,13368A,14233G,14766T,14905A,15326G,15452A,15607G,15928A,16126C,16147T,16294T,16296T,16297C,16304C",,,
I2739,"73G,146C,263G,709A,750G,1438G,1888A,2706G,4216C,4769G,4917G,6261A,7028T,8697A,8860G,10463C,10822T,11251G,11719A,11812G,13368A,14233G,14766T,14905A,15326G,15452A,15607G,15928A,16126C,16292T,16294T,16296T",,,,,
I4188,"73G,263G,497T,750G,1189C,1438G,1811G,2706G,3480G,4769G,7028T,8860G,9055A,9698C,10398G,10550G,11299C,11467G,11719A,12308G,12372A,14167T,14766T,14798C,15326G,16093C,16224C,16311C",,,,,,,,,
I2789,"73G,185A,263G,295T,462T,489C,750G,1438G,2706G,3010A,4216C,4769G,7028T,8860G,10398G,11251G,11719A,12612G,13708A,14766T,14798C,15326G,15452A,16069T,16126C",,,,,,,,,,,,
I2366,"263G,750G,1438G,4769G,8860G,9545G,11152C,15326G",,,,,,,,,,,,,,,,,,,,,,,,,,,,,
I1889,"73G,263G,497T,750G,1189C,1438G,1811G,2706G,3480G,4769G,7028T,8860G,9055A,9698C,10398G,10550G,11025C,11299C,11467G,11719A,12308G,12372A,14167T,14766T,14798C,15326G,16093C,16224C,16311C",,,,,,,,
I0659,"73G,152C,199C,204C,207A,263G,669C,750G,1438G,1719A,2702A,2706G,3336C,4769G,5315G,7028T,8485A,8860G,8901G,10238C,10398G,11719A,12501A,12705T,13780G,14766T,15043A,15326G,16086C,16172C,16223T,16248T,16320T,16355T",,,
I4971,"73G,263G,750G,1189C,1438G,1811G,2706G,3480G,4769G,7028T,8860G,9055A,9698C,10398G,10550G,11299C,11467G,11719A,12308G,12372A,14167T,14766T,14798C,15326G,16224C,16311C",,,,,,,,,,,
I2367,"263G,750G,1438G,2706G,4769G,7028T,8860G,15326G,16311C",,,,,,,,,,,,,,,,,,,,,,,,,,,,
Es971,"73G,195C,263G,497T,750G,1189C,1438G,1811G,2706G,3480G,4769G,7028T,8860G,9055A,9698C,10398G,10550G,11299C,11467G,11719A,12308G,12372A,14167T,14766T,14798C,15326G,16093C,16224C,16311C",,,,,,,,
R9,"73G,263G,497T,750G,1438G,1811G,2706G,3480G,4769G,6260A,8860G,9055A,9698C,10398G,10550G,11299C,11467G,11485C,11719A,11840T,12308G,12372A,13740C,14167T,14766T,14798C,15326G,16224C,16311C",,,,,,,,
R6,"73G,114T,263G,497T,750G,1438G,1811G,2706G,3480G,9055A,10398G,10550G,11299C,11467G,11719A,12308G,12372A,14167T,14766T,14798C,15326G,16093C,16224C,16311C",,,,,,,,,,,,,
R17,"73G,146C,195C,263G,750G,1438G,1811G!,2706G,3432T,3480G,4769G,9055A,9698C,11467G,11719A,12308G,12372A,13135A,14167T,14766T,15326G,16189C,16234T,16324C",,,,,,,,,,,,,
